ID,Tweet,True Label,BERT,BERT 22,BERT 9,,Model,T test
1625,hitler_endd_hilarkiyan_hitime_hipass_hinh_hihai_hiwo_hito_ensacha_hipyar_hichahti_hihai_hiapna_hihaq_hichahti_hihain_hitime_hipass_hinahi_hikyun_hike_hi,0,0,0,0,,BERT 22 vs BERT,0.0212492659
201,kabhi_hina_hibandho_hinadan_hiparindo_hiko_hiakhir_hiho_hiud_hihe_enhate_enhai_hi,0,0,0,0,,BERT 9 vs BERT,1
3137,history_enka_hiwahi_hipanna_hipadh_hik_hiaaya_hihai_hiye_hijispe_hinafrat_enlikhi_hihai_hilast_ennight_enmujhse_hibahes_hihui_hithi_hitareek_hifateh_hi,0,0,0,0,,BERT 9 vs BERT 22,0.01546245698
2193,ya_enlog_hihi_enbhart_hima_hiaatank_hiaur_hiterrorism_enbadhawa_hidata_hihai_hi,0,0,0,0,,,
2558,aap_hine_hihate_enki_hisuruat_hiki_hihar_hiinsan_himein_hibhar_hichuka_hih_hi,0,0,0,0,,,
666,janta_hika_hipalayan_hirape_enmurder_ennahi_hidikha_hijo_hihua_higalat_hihai_hibut_enuske_hiliye_hikaun_hizimedar_hihai_hiarmy_enki_hi,1,0,0,0,,,
1125,simple_enhai_hikoi_hiapna_highar_hiredlight_enarea_enmein_hibanaega_hikhud_hiracket_enchalaega_hitho_hirape_enhi_entho_hidik_hi,0,0,0,0,,,
1945,agar_hitujhe_hiislam_hior_himuslims_hise_hiitni_hinafrat_enhai_hito_enphir_hitu_hihindu_hikyoun_hinahi_hiban_hijata_hijaahil_hiinsaan_hiu_enretarded_enshit_en,1,1,1,1,,,
1993,you_enpoors_hijinko_hitum_himaa_hikehty_hiho_hihumary_hihan_hidoodh_hiwala_hiliterally_enroz_hiroz_hiuska_hirape_enkarta_hihai_hi,0,1,0,1,,,
1165,koch_hidin_hiphalay_hitu_hinay_hibakwas_hike_hithi_hina_hiterrorism_enpa_hib_hic_hiapny_hiagent_enbajty_hiho_hima_hiwo_hipakray_hijaty_hihain_hiphr_himanty_hinai_hiho_hirondu_hi,0,0,1,1,,,
3127,yadav_hiji_himaine_hiu_enp_hiki_hipichhli_higovt_enka_hiaankho_hise_hidekha_hihai_hiak_hiladki_hika_hisare_hiaam_himar_hi,0,1,0,1,,,
398,kash_hiek_hifilm_enk_hilie_hina_hiladkar_hiis_endesh_hiki_hibetio_hik_hilada_hiho_hito_ensyd_hirape_enband_enho_hijae_hior_hihumari_hisister_en,0,1,0,1,,,
2767,fraud_enrape_enkarke_hijayega_hito_enaisa_hihi_enbolenge_hiab_hiwo_hiashram_hiho_hiya_enrampal_hi,1,0,0,0,,,
2292,jesai_hikatil_hipm_enhutey_hihue_hiterrorism_enki_hibaat_hikartey_hihu_hisaley_hikapooreyyy_hipakistanzindabad_hi,0,0,0,0,,,
231,aur_hijab_hirape_enjae_hito_enpahuch_hijao_hidelhi_himombatti_hile_hike_hi,0,0,0,0,,,
333,brat_enkisko_hijyada_hiprefer_hikarne_hiwali_hibaat_hinahi_hisaaf_hisaaf_hidikhta_hihai_hihe_endie_enhard_enhater_enof_ensrk_himaine_hito_enk_hi,0,1,1,1,,,
2337,sir_enaap_hiko_hiunko_hireply_endekar_hibatane_hiki_hijarurat_hibilkul_hinahi_hithi_hiki_hiaapne_hikya_hikhel_hikhele_hihai_hiaur_hiaapne_hiky_hi,0,0,1,1,,,
42,koi_hipaise_hike_hiliye_hiita_higir_hisakta_hihai_hike_hirape_encase_enkarde_hichiiiiiiiii_hi,1,0,0,0,,,
1389,domada_himaulana_hiapne_hiallah_hiko_hiyaad_hikar_hile_hijab_hichoti_hisi_hi6_restsal_hiki_hibacchi_hika_hirape_enkarne_hi,1,1,0,1,,,
3416,agr_hiye_hidunya_hiaaj_hib_hisheikh_hisa_hiadi_hiaur_himolana_hiroomi_enko_hifollow_enkrey_hiaman_hihojaye_hiaur_hiterrorism_enkhtam_hihojaye_hiplz_enplz_en,0,0,0,0,,,
1529,uditraj_hi,1,0,0,0,,,
1077,adarsh_hichakki_hiko_hito_ensanjay_hikapoor_hibhi_hito_enrape_enkiya_hitha_hiclash_en,1,0,0,0,,,
3048,ek_hichij_hito_enh_hibhai_hitu_hih_hibilkul_hichutya_hiu_endnt_hihav_hia_enstand_enbhai_hijat_hika_hikhoon_hih_hitere_hiandr_hior_hijat_hijha_hihota_hih_hivhi_hihota_hih_hibikta_hini_hi,1,0,0,0,,,
75,21_restnd_enhmare_hibhagwan_hiko_hicon_en,0,1,1,1,,,
141,india_enpak_hika_hihamesha_hirape_enkarta_hihai_hi,0,0,0,0,,,
915,rishi_hibeta_hikalboushan_hiaaap_hika_hihi_enabu_hihai_hina_hijo_hiterrorism_enkar_hiraha_hitha_hipakistan_himain_hi,0,0,0,0,,,
861,bacchi_hichodne_hivale_hiprophet_enk_hipille_hiislam_himatlab_hibhadwe_hiaur_hiterrorism_engandu_hik_hibacche_hi,1,0,1,1,,,
3326,baal_hivivah_hito_ennitish_hisir_enaap_hiroke_hirhe_hihai_hipar_hirape_enrokne_hiki_hisapath_hikon_hilega_hi,0,0,0,0,,,
1697,konje_hike_hiya_endaar_hiko_hijozi_hiyeses_eni_enhate_enthe_encity_en,1,1,1,1,,,
1056,khan_hikhan_himuje_hiregret_enhota_hihe_enki_himene_hiseason_en7_restme_enaapke_hiliye_hivotes_enkiye_hithe_enaur_hiaapka_hifan_entha_hibut_en,1,1,1,1,,,
456,bhai_himovie_ense_hilog_hikuchh_hiseekhte_hito_enaaj_hihar_hiladka_hispiderman_enhota_hidon_ent_hibe_hisad_hiamerica_eneurope_enme_enmovie_enachhi_hithi_hifr_hi,0,1,1,1,,,
2718,we_enwill_hibecause_hiwe_encan_enand_enregarding_enterrorism_engolbohshan_hiyadavh_hibhabi_hinetu_hisingh_hiko_highomany_hipakistan_hiaaya_hitha_hikiya_hi,0,0,1,0,,,
591,khan_hii_enhate_enu_enkamya_himuje_hiregret_enhota_hihe_enki_hime_enkabhi_hiaapka_hifan_entha_hiaapk_hi,1,1,1,1,,,
400,bawli_hibooch_himein_hihindustani_hihu_hiteri_hitarah_hiisi_hika_hiagent_ennhi_hitu_hiaur_hitera_hibaap_hikrta_hihai_hinafrat_enki_hirajneeti_hihum_hito_enbhaichare_hiwale_hih_hi,1,0,0,0,,,
1439,esi_hijagah_hika_hibh_hikya_hifayda_hijahan_hiapni_hibat_endhang_hise_hina_hikeh_hipaye_hikhul_hike_hiyebh_hinahi_hibol_hipa_hirhe_hiap_hiki_hiye_hite_hi,0,0,0,1,,,
2936,abe_hibigg_enboss_enshow_enme_enbaki_hicontestants_hibhi_hihai_hiun_hise_hirelated_ennews_endeta_hinhi_hisirf_hisari_hiupdates_enhina_his_hi,0,0,1,1,,,
1359,aha_hipakistan_hiein_hipolice_enbhi_hirape_enkar_hiti_hihai_hitu_hijanwar_hi,0,0,0,0,,,
1134,rakshit_hiaur_hiek_hibaar_hibhi_hiyeh_hirape_enwale_hibaat_hisach_hihote_hitoh_hiislam_hiitna_hibada_hinahi_hihota_hiyeh_hiek_hibaat_hiyaad_hirakhna_himere_hibhai_hi,0,0,1,0,,,
1544,ha_hidonone_hibhi_hihritik_hiki_himaarli_hiek_hine_himohenjo_hidaro_hik_hisath_hiaur_hiek_hine_hikaabil_hik_hisath_hirape_enkiya_hi,0,0,0,1,,,
2841,achach_hichoddo_hiisse_hiyadav_hiugly_entu_hiindian_entha_hina_hiaur_hibhi_hiproxies_enpakri_hihain_hihum_hi,0,1,0,0,,,
1027,terrorism_enka_hikoi_hidharm_hinehi_hihota_hiaur_hitere_hihai_hisasti_hirand_hik_hibachcho_hika_hikoi_hiname_ennehi_hihota_hi,0,0,0,0,,,
1184,woh_hinishant_hiki_hiwajah_hise_hiakkian_hiad_hiko_hitroll_hikarte_hihai_hiincl_hime_endm_enme_enhumari_higrp_enme_enyahi_hibaat_hihoti_hihai_hinishant_hihate_enfaila_hiraha_hi,1,1,0,0,,,
2349,r_hibari_hiajeeb_hibaat_hiki_hiap_hiney_hiterrorist_ento_enterrorist_enhy_enkisi_hibhe_hiqoom_hika_hiho_hiusko_hiphansi_hidena_hi,0,0,0,0,,,
832,indian_ensayad_hirape_enwaise_hihi_enhota_hihoga_hitrain_enme_enlogo_hiko_himarna_hipunay_hih_hiapki_hinajar_hime_en,0,1,1,1,,,
2944,congrace_enke_hinakshe_hikadam_hipar_hichal_hirahi_hiabout_enbjp_hijo_hikaryakarta_hisaalo_hise_hiapana_hikhoon_hipasina_hiparty_enko_hide_hirahe_hihai_hiwo_hibewakoof_hihai_hi,1,0,0,0,,,
1286,sweety_enh_hihamare_hihindus_hi,0,0,0,0,,,
2435,ek_hiblackmailer_hireporter_hibhi_hihota_hitha_hiaashish_hinaam_hika_hijo_hihamesha_hiafwahen_hifaila_hikar_hilogon_hika_hikhoon_hichusta_hitha_hi,0,0,0,0,,,
733,muje_hiseasat_ense_hibhot_hinafrat_enhai_hiphans_higaya_hiaccount_enbana_hik_hijab_hiopen_enkarun_hiaccount_enhazer_hiimran_hinawaz_hihumza_hisub_enki_hihe_enpost_enaa_hijati_hihai_hi,1,0,0,0,,,
3050,ank1_higrins_entum_hiloug_hike_hipass_hihate_enamp_hicurse_enka_hitime_hikaha_hise_hiaata_hihai_hito_enyai_hinahi_hisikhati_hi,0,0,0,0,,,
2999,golagan_himumbai_hiblasts_enjinhone_hikiye_hiwo_hiya_ento_enjail_restm_enh_hiya_enfaraar_hihai_hi,1,0,0,0,,,
2098,mr_himukesh_hiambanee_himadarchaod_hiterre_hibetee_hinisha_hiushkee_higaand_hikisee_hiaur_hise_himarayee_hiair_enbaolee_himai_hirape_enkiya_hiteree_hipolice_enki_himss_hichaodoon_hi,0,0,0,0,,,
2041,i_enhate_enppl_enwho_entweet_enlike_entht_enzindagi_hijhand_hihai_hiaur_hiinhe_hichudaayi_hiki_hipadi_hihai_hi,1,1,1,1,,,
1804,viv_hiko_hiek_hidin_hims_hidikha_hihai_hi2nd_restday_hibhool_hijati_hihai_hihate_enthis_en,1,1,1,1,,,
2929,chal_hihm_hinajaiz_hihai_hitu_hitoh_hisuar_hiki_hijaaiz_hiaulaad_hihai_hitoh_hiapna_hidna_hitest_enkara_hik_hitera_hi,0,0,0,0,,,
3155,stop_enhate_enspeech_encomments_enpa_hiji_hidusro_hipar_hibharosa_hikar_hik_hiapnay_hishayad_hikuch_hiziyada_hihi_enkeh_hidiya_hiresult_hidhiskiyaoooo_hi,0,0,0,0,,,
537,kya_hikashmiri_hihindu_higirls_enka_hirape_enyaad_hihai_hi1990_restmuslims_hine_hikiya_hitha_hiyadav_hiji_hi,0,0,0,0,,,
3348,thore_hiek_hibar_enphir_hi90s_restki_hitarah_hifauj_hike_hihath_hikhol_hike_hidekho_hiindia_enkya_hiduniya_hise_hiterrorism_enkhatam_hikar_hidegi_hiindianarmy_en,0,0,0,0,,,
719,i_enhate_engirls_enbolne_hivale_hilonde_hivohi_hihote_hihai_hijo_hisale_hiyoutube_enpar_hijaakr_hihow_hito_enimpress_engirls_enjaisi_hibakchod_hivideos_endekhte_hihai_hi,0,1,1,1,,,
1140,guha_hidesh_hiko_hikhatra_hiislami_hiterrorism_ense_hihai_hi1947_restki_higalti_hisudharni_hihogi_hi,0,1,1,1,,,
795,suddenly_ensabne_himere_hiandar_hika_hiveerji_hiaur_hiveera_hike_hiliye_hihate_enjaga_hidiya_higod_eni_enhate_enthese_entwo_restwith_hipassion_enveera_hi,1,1,1,1,,,
809,hai_hiisliye_hiuse_enkoi_hifarq_hinahi_hipadta_hijab_hiuse_enkoi_hichodega_hitab_hihi_entoh_hiuse_enpataa_hichalega_hisid_enka_himahira_hikat_hika_hi,0,0,0,0,,,
3265,sir_enutter_hipradesh_hike_hikairana_hime_en1_restladki_hike_hisaath_highar_hise_hiutha_hikar_hirape_enhua_hikya_hiaapke_hipass_hiiske_hiliye_hitime_hihai_hiki_hikoi_hiuse_enbhi_hidekhe_hi,0,0,0,0,,,
3,views_enaray_hiyar_hiye_higang_enrape_enki_hipadaish_hihai_hiis_enk_hiwalid_hiko_hiq_hikhostay_hiho_hi,1,0,0,1,,,
1,tum_hikaisa_hikah_hisakto_hiho_hihum_hiterrorism_enphala_hirahen_hisala_hihum_hina_hiteri_hibiwi_hike_hishalwar_hima_hibomb_hichora_hitha_hikiya_hiba_hi,0,0,1,0,,,
2579,deshdrohi_hihum_hinahi_hiaap_hike_himandir_hike_hipandit_hihai_hijo_hirape_enkarte_hihain_hi,1,0,1,0,,,
2417,subah_hisubah_hichidiyo_hiki_hiawaz_hise_hime_endisturb_hiho_hijati_hihun_hijab_hime_enkoi_hibird_ennhi_hihu_hito_enunki_hiawaz_hikyu_hisun_hirhi_hihu_hitotally_engundagardi_hii_enhate_enbirds_en,1,1,1,1,,,
3251,mansoor_hiali_hithats_enis_engood_enway_eni_enthink_enin_enpmln_hiwalon_hiko_hiab_hiadalaton_hise_hihi_enchitr_hiparne_hiawam_hitoh_hipehle_hinafrat_enkerti_hihai_hiin_ense_hi,0,1,0,0,,,
2507,thik_hiusee_hitarah_hiterrorism_enbhi_himuslim_enbina_himumkin_hinahi_hi,0,0,0,0,,,
1392,yaha_hijo_histupid_hihaters_hilog_hibarking_enkar_hirhe_hiare_histupid_hilog_hitum_hito_enkehto_hiho_hitum_hihina_hike_hihater_enho_hilekin_himujhe_hi,0,1,1,1,,,
429,terrorism_enfactory_enbandh_hikar_hide_hibhai_hiaur_hikuch_hikarna_hinahi_hipadega_hi,0,0,0,0,,,
3253,ye_hiwo_hiladkiyan_hihai_hijo_hibadi_hiasani_hise_hirape_encase_enlaga_hideti_hihai_hi,0,1,0,0,,,
1323,sarfrazahmed_himatch_enjeeta_hihai_hiterrorism_enkhatam_hinahi_hihua_hiabhi_hipakistan_hise_hikoi_himarne_hinahi_hijayega_hitere_hidesh_hidubai_enko_highar_hibana_hike_hikhel_hi,0,0,0,0,,,
2329,aur_hijumme_hiki_hinamaz_himain_hiloud_hispeaker_enpe_hijo_hinafrat_enfelayi_hijati_hihain_hiuspe_hibhi_hikuch_hitweet_enkaro_hi,0,1,0,1,,,
1366,arey_hisirji_hiagar_hiye_hilogon_hiko_hikashmir_hibhi_hideh_hidona_hiphir_hibhi_hiunka_hiterrorism_enkhatam_hinahi_hihoga_hiwoh_hibaat_hialag_hi,1,0,0,0,,,
123,agjdhdhdidh_resti_enhate_enkarlie_higender_enso_himuch_hi,1,1,1,1,,,
2863,kya_hiyah_hisach_hihai_hiin_enjanab_hipe_himolesting_enor_hirape_enke_hiarop_hilage_hihai_hi,0,1,0,0,,,
3105,beingindian_enpakistani_hiterrorism_enpe_hiaik_hibook_hikyun_hinahi_hilikhtin_hiap_hikyun_hik_hiap_hiko_hitou_hiyahan_hirahy_hibeghair_hihe_enhum_hise_hizyada_hipata_hihai_hi,1,0,0,0,,,
1129,acha_hichoddo_hiyaar_hitum_hilog_hijeeton_hiaur_hihazaaron_hibaar_hijeeton_hiper_hisirf_himaa_hibehno_hika_hirape_enkrna_hiband_enkrdo_himuje_hihaar_himanzor_hiha_hi,0,0,0,0,,,
421,agar_hipure_hihindustan_him_enbody_enscanner_enmachine_enlaga_hidiya_hijaye_hito_enatank_hiwadi_hihamle_hior_himurder_endaketi_hilutpat_hijaisi_hiwarda_hi,0,1,0,0,,,
3189,bakaiti_hihai_hibus_enbekar_hika_hishikas_hishikas_hijo_hihai_hihi_enni_hiawein_hiusko_hile_hik_hidimagh_hikhate_hihain_hii_enjust_enhate_enthis_enshit_en,0,1,1,0,,,
1227,hanniya_hiawan_hitere_hiabba_hine_hikit_en,1,0,0,0,,,
2627,sanjeevgodha_hirape_enkahan_hizyada_hihue_hihain_hidekh_hilo_hi,0,0,0,0,,,
1692,i_enhate_enheena_hitoo_enpar_hibhai_higali_himat_hido_en,0,1,1,1,,,
340,aaj_hikal_hikhoon_hirare_hiaata_hihai_hidue_ento_enunhealthy_endiet_en,0,0,0,0,,,
2855,kuttay_hike_hibachay_hiterrorism_entum_hilog_hikarwatay_hiho_hiafganistan_hike_hisath_himil_hikar_hikuttay_hike_hiload_enho_hitum_hilog_hiharami_hi,1,1,1,1,,,
8,rubbish_enne_himujhe_hibhi_hiblock_enkar_hirakha_hihai_himaine_hibadaun_hirape_enpar_hiiski_hireporting_enpar_hisawal_hikiya_hitha_hi,1,0,0,0,,,
3271,yuva_hidhan_hiki_himansikta_hike_hikaran_hihi_enrape_encases_enbadhte_hihai_hipsychologists_enaur_hisachchhe_hisadhu_hisant_hiki_hiadvice_enbahot_hijaruri_hihai_hi,0,1,0,0,,,
2479,fathers_enday_hiper_hiapne_hibaap_hipakistan_hiko_hior_hiis_enrape_enko_hikabhi_himat_hibholna_hipakvind_hi,0,0,0,1,,,
831,jo_hiitna_hisaalo_hise_hidesh_hika_hikhoon_hipiya_hihai_hiuska_hikya_hiek_hibottle_enraktadan_hike_hibadle_himillions_enbottle_enka_hihisaab_hinahi_hikarte_hijanadeaala_hi,0,0,0,0,,,
280,u_enr_hiright_hibhai_hishab_hig_restjaise_hib_hij_hip_hisarkar_hike_hiunder_enmain_hirape_enmurder_encrime_hiam_hibat_enho_higyi_hihai_hiinko_hibh_hi,0,0,0,1,,,
2377,i_enhate_enthem_enjeon_hiseokjin_hi,0,1,1,1,,,
847,pehele_hitum_hilog_hiterrorism_enbandh_hikaro_hiphir_hiamerica_enka_hivisa_enmilega_hiaur_hiduniya_himain_hiizzat_hibhi_hi,0,0,0,0,,,
116,inqilab_hiphoolon_hiki_hisaij_hini_hikaanton_hibre_hirah_hihi_enis_enmn_hikarkono_hikhoon_hidna_hiho_higa_hi,1,0,0,0,,,
465,jitne_hisadqaat_hikhairaat_hipakistan_hik_himusalman_hidete_hihain_hikoi_hiaur_himulk_hinahi_hideta_hirape_encapital_ennahi_hihai_hihamara_hi,0,0,0,0,,,
2674,bhai_hitu_himasi_hirape_encase_ense_hireha_hihogaya_hisach_hisach_hibata_hilagta_hitu_hinahi_hitu_hiaesa_enkar_hiskayga_hi,1,0,0,0,,,
566,mai_hiapse_hiya_enpuch_hiraha_hihu_hiki_hikya_hiharyana_hika_hirape_enkand_hikoi_hibjp_hiwala_hikiya_hihai_hikya_hijo_hibjp_hiko_hibar_enbar_ennishana_hi,0,1,1,1,,,
806,aap_hiseptember_en2017_restmeh_hichal_hiyeah_enreport_ening_hiaajtak_hiaur_hizee_ennews_enki_hiudhar_him_en,1,0,0,0,,,
1769,sr_hiagar_hibarud_hikam_hipad_hijaye_hitopic_enme_ento_enmhamara_hikhoon_hibardenge_himakkal_himila_hito_enin_engaddar_hion_enki_hipuri_hinasal_himira_hidene_hij_hi,1,0,1,0,,,
455,thanks_enmain_hianpadh_hihindu_hihu_hiaur_hihindu_hiladke_hirape_enkrte_hih_hikyuki_hinir_hi,0,1,1,0,,,
2740,urdu_hiye_hichoro_hiusa_enmain_hirape_enki_hitadad_himain_hishaded_enizafa_hijamhori_hilog_hiwomen_enki_hiizzat_hinahi_hikarty_hiaasma_hian_entum_hi,0,1,1,1,,,
432,hame_hito_enkab_hise_hibhakt_hiki_hiupadhi_himil_hichuki_hihai_hieven_enmy_enrelatives_enwho_enhate_enmodi_hiwhen_enstart_enlosing_hian_enargu_hi,0,1,1,1,,,
2850,iss_hidesh_hime_enrape_ento_enkar_hisakte_hihai_hilekin_hirapist_enko_hithappad_hinahi_himaar_hisakte_himom_en,0,0,1,1,,,
1824,pmln_hiitni_hibeghert_enparty_enhai_hik_hiye_hikal_hiko_hibhi_hiimran_hikhan_hipar_hirape_enka_hiilzam_hilagany_hik_hilye_hibhol_hisakti_hihai_hibe_hisharm_hinawaz_higanja_hi,0,1,1,1,,,
2731,ha_hitum_hisab_hiko_hisukun_hito_entha_hihi_enjab_hijaha_himargi_hirap_en,1,0,1,1,,,
2203,aapiye_hisabse_hijada_hihate_enfailte_hihai_hisabse_hipahle_hiinko_hisaaf_hikaro_hikhujliwal_hik_hisaath_hikaro_hiinka_hisatyanash_hi,0,0,0,0,,,
1774,ham_hihe_enjeetinge_hitum_hilog_hiapni_hiarmy_enko_hikhana_hido_enawam_hiko_hitoilets_hido_enor_hiapni_hiladies_enko_hiprotection_endo_enfrom_enra_hi,0,1,0,0,,,
266,samreen_hikashmir_hipandito_hiko_himara_higya_hiunki_hiladies_enke_hisaath_hirape_enhua_hikitne_hikasmiri_hipandit_hiterr_hi,0,1,1,1,,,
1511,news_entum_hito_enwahi_hiwest_hibangal_hime_enhi_enrahti_hiho_hitumhara_hikitne_hibaar_hirape_enhuaa_hihai_hi,0,1,1,0,,,
459,lagta_hihai_hiandhi_hibanibhakti_hiaur_hilopa_hihate_enne_hiaap_hiki_hisamaz_hipar_hiparda_hidaal_hidiya_hihai_hitabi_hisab_hilopa_hifans_enlagte_hihai_hi,0,0,0,0,,,
3404,malik_hihan_hiye_himonkey_enkalbhoshan_hibhi_hipakistani_hih_hina_hior_hiisy_hipakistan_hine_hihindusta_hi,1,1,1,1,,,
2058,app_ennay_hijo_hilink_endiya_hihai_hiuski_hibaat_hiki_hihai_himainay_hirape_enki_hitou_hiapp_enbaat_hikaro_himatt_hiwarna_hibuhat_hizaleel_hihoge_hi,1,0,0,0,,,
1705,main_hikab_hipopular_enho_higayi_hibhai_hiaur_hitu_himujhe_hihate_enkarti_hihai_hi,0,0,0,0,,,
1591,mediawillnotshowthis_enraju_hichandak_hiki_hipre_hiplanning_enbapuji_hiko_hijhute_hirape_encase_enmein_hifasane_hiki_hi,0,1,1,0,,,
49,jinki_hibetiyon_hiki_hizindagi_hiujad_higayi_hizaraa_hiun_hiparents_ense_hipoochho_hiunhe_hikya_hichahiye_higau_himata_hi,1,0,0,1,,,
1041,yeh_hikaisi_hikasmiriyat_hiso_hiapne_hikhoon_hisee_enholiday_enkhele_hilaanat_hihai_hiaise_hilogon_hipe_hijo_hiapne_hijawano_hiko_hichod_hike_hiterrorist_enke_himaiyad_himein_hijaaye_hi,0,0,0,0,,,
1153,raipur_higrp_enke_hiteen_hijavano_hipar_hirape_enki_hikosish_hika_hiarop_hivia_hi,0,0,0,0,,,
2326,janab_hisirf_hiup_enme_enrape_ennahi_hihota_hihai_higujrat_hime_en23_restbjp_hileader_hine_hi12_restladies_enke_hisath_hirape_enkiya_hitha_hiaandh_hibhakt_hi,0,1,0,1,,,
1828,haan_hii_enhate_enlaal_hirang_hi,1,1,1,1,,,
308,congress_hik_hinetao_hiya_enkah_hilo_hipoori_hicongress_hise_hiesi_hileye_hito_enjanta_highrina_hikarti_hihai_hiek_hi,0,0,0,0,,,
1783,100_restagreed_enkaash_hirohan_hiwinner_enhota_hibani_himanu_himanvr_hiwinner_enlayak_hinhi_hihai_hii_enhate_enkani_hitattoo_enko_hipasand_hikarte_hihai_hi,1,1,1,1,,,
1195,ab_hiaap_hitoh_hisikh_hibhayiyo_hik_hibhi_hipiche_hipad_higayi_hiall_enhate_endoes_enis_enbreed_enhate_enhum_hihindu_hibhi_hikisi_hise_hikam_hi,0,0,0,0,,,
670,43_restmahi_hiek_hihai_hiek_hitha_hiaur_hiek_hihi_enrhega_hicaptain_enword_entoh_hidedoge_hipr_hikhoon_hiki_hicaptaincy_enkahan_hise_hidoge_hidhoniourpride_en,0,0,0,0,,,
1552,paaji_hirape_enka_himazak_hini_hikrty_hibeshak_hichutyo_hik_himulak_hise_hihain_hipar_hipakistani_hihmsayo_hise_hikuch_hiseekh_hie_hilete_hihain_hihm_hi,0,0,0,0,,,
2508,hume_hinahi_hibanana_hiye_highatiya_hiarakshan_hihate_ento_enumeed_hijage_hiise_hihume_hinhi_hibanana_hi,0,0,0,0,,,
472,is_ensaale_hiisi_hike_hiagent_enko_hiphansi_hipe_hilatkana_hichahiye_hichauraahe_hi,1,1,1,0,,,
1584,koi_hinai_hitum_hiyaha_hianaa_hikashmir_himai_hikyu_hik_hitum_hisafe_ennai_hiho_hii_en,0,0,0,0,,,
1733,choddain_higay_enfir_hitoa_hiterrorism_enbandh_hinhi_hiaur_hibe_hibharr_hijaega_hirailway_entracks_enpe_hiaur_hibe_hibharay_hibharay_hibombs_himaarte_hipeerogay_hi,0,0,0,0,,,
972,aur_hiye_hibarun_hika_hicomeback_hishow_entha_hikoi_hiq_hinahi_hidekhna_hichahega_hilekin_hifir_hib_hinahi_hidekh_hipa_hi,0,0,1,0,,,
2122,filmoh_enwale_hilong_enso_hiacchi_hibatain_hikarte_hihain_hirishi_hikapoor_hiki_hiroz_hikisi_hina_hikisi_hiladki_hike_hisath_hiaffairs_hirape_enki_hikhabar_hiaati_hihai_hi,1,0,0,0,,,
585,i_enalso_enhate_enbani_hibut_enisse_higay_enlesbian_enka_hikya_hisambandh_hicheap_encomments_enhumlog_hikya_himars_ense_hiate_hihai_higay_enlesbian_enaur_hikuch_hi,1,1,0,1,,,
1048,randi_hika_hiaulaad_hirohingya_himuslim_entumhari_hisister_enka_hirape_enkiya_hikya_hijo_hiitna_hinfrat_hihai_hiunse_hihizda_hiki_hiaulad_hiinsaniyat_hitmhare_hinhi_hih_hi,1,1,0,1,,,
2892,a_enbas_hikaro_hiaunty_enaaplog_hika_higentle_enrape_enho_hichuka_hihai_hitumhare_hipass_hikya_hiproof_enhai_hiwoh_hidhikhau_hikiska_hib_hiopen_enlettwr_enmat_hidhikhau_hi,0,0,1,0,,,
257,gopalani_hibcoz_enaur_hikuch_hikaam_hidhandha_hihai_hihi_ennai_hitum_hilogo_hik_hipaas_hiterrorism_enfe_hi,1,0,0,0,,,
1723,tum_hibhi_hirape_enkarna_hibhanf_hikardo_hi,0,0,0,0,,,
1427,0_rest0_restlolzzz_enis_enpagal_hirundistani_hik_hitwitter_enpe_hikisne_hiaccount_enbanadiya_hichosde_hika_hiapni_hi,0,0,0,0,,,
439,woow_enwoow_enwoow_enaj_hisay_hialmost_en3500_restyears_hipehly_hi1_restjadugarni_hiki_hitajposhi_hihowe_hithi_hiisbeal_hinam_hiki_hius_hik_hib_hikartot_hikalay_hith_hi,0,0,0,0,,,
1758,shaik_hisaheb_hiowaisi_himusalmano_hiko_hisirf_hivote_hike_hiliye_hiistemal_hikarta_hihai_hielection_enke_hibaad_hiatm_envatm_hisab_hibhook_hihate_enhai_hi,0,0,0,0,,,
2459,main_hihar_hidin_hidua_himaangta_hiho_hiaur_hikapil_hisir_enka_hishow_endekh_hikar_hito_ensare_higum_hidoor_hiho_hihate_enhai_hi,1,0,0,0,,,
2955,kbhi_hiindia_enwalo_hiki_hisoch_hiliya_hikro_hijo_hiladkiyon_hike_hirape_enho_hirhe_hih_hiusse_hito_enrok_hinhi_hiskte_hiaap_hiaur_hibaat_hikrte_hih_hi,0,1,1,1,,,
273,ranveer_hisingh_hine_hirape_enkar_hidia_hiisliye_hi,0,0,0,0,,,
763,waow_enap_hik_hidesh_hiwasiyon_hik_hidil_hito_enna_hi,0,0,0,0,,,
205,aimnay_hialarm_enki_hitune_hilaga_hiloo_hiaik_hihaftay_himay_hinafrat_enhoo_hijayay_higi_hi,0,0,0,0,,,
1577,iit_enke_hinaam_hipar_hikalank_hiwahan_hirape_enkiya_hitha_hiaur_hiarrest_enbhi_hihua_hitha_hi,1,0,0,0,,,
2832,aarz_hikiya_hihai_histation_enpeh_higaadi_hiaksar_hilate_enhoti_hihai_histation_enpeh_higaadi_hiaksar_hilate_enhoti_hihai_hijisse_hilove_hihota_hihai_hiu_en,0,0,0,0,,,
1499,updates_enghatiya_higandagi_higairgujri_higulchharrey_hiudaney_hiwalo_hihatred_enpungi_hi,0,0,0,0,,,
744,wo_himere_hibina_hikhush_hihai_hitho_hishiqayat_hikaisi_hiab_hiuse_enkhush_hibe_hina_hidekhu_hitho_hiye_himohabbat_hikaisi_hilove_hihate_enhbd_en,0,1,0,1,,,
2939,larka_hisahi_hibaat_hibhi_hikrega_hito_enusko_hihate_enmilegi_hilrki_hikisi_hiko_hizaleel_hibhi_hikrde_hito_ensb_hiaese_hifavour_enkrengay_hijese_hiinki_hijannnat_hipakki_hihojaegi_hi,1,0,0,1,,,
2715,agar_hitina_himarne_hika_hishauk_hihai_hito_enunko_himaro_hiho_hirape_enkarte_hihain_hirajput_hiraksha_hikarte_hithe_en,1,0,0,0,,,
1275,wande_himataram_hise_hinafrat_enkarne_hiwalo_hiko_hihujj_hisubsidy_hilete_hidekha_hihae_hi,1,1,0,1,,,
2462,rape_enpar_hiek_hisakht_hikanoon_hikab_hibanega_hi,0,0,0,0,,,
2556,tumhara_hiprogram_ensirf_hinafrat_enphailata_hihai_hibanfatahkafatwa_hi,0,0,0,0,,,
1117,yahan_higang_enrape_enof_enzalmi_hiki_hibaat_hihorahi_hi,0,0,0,0,,,
1929,sarkaar_hiko_hipuchkar_hito_enye_himaamle_hinahin_hihote_hiye_hito_enaadikaalon_hise_hihote_hirahe_hihain_hiye_hihai_hiki_hikabhi_hikam_hikabhi_hizyada_hihue_hi,1,1,1,1,,,
2694,pm_enapna_hivada_hinebhae_hibename_ensampatte_hirakhnewalon_hiko_hipaker_hiker_hiunke_hisampatte_hiraj_hisat_hikare_hipeche_hina_hihate_en,1,0,0,0,,,
46,baat_hito_ensahi_hihai_hibhai_hilekin_hiphir_hirape_enke_hicase_enme_enmp_hino_en1_restkyu_hihai_hi,0,0,0,0,,,
1289,i_enhate_enthe_ensong_enswag_ense_hikarenge_hisabka_hiswagat_hicoz_ensirf_hipan_hiparag_hise_hihi_enswagat_hikarte_hihai_hiyaar_hi,0,1,1,1,,,
3281,hahaha_hinikal_hireport_enmadar_hicbod_hiapni_hireports_hibhi_hinikal_hi,0,0,0,0,,,
3313,nationalist_hiabe_hikutte_himodi_hiko_hito_enteen_hisal_hihuye_hihai_hi70_restsal_hitak_hiteri_hi,1,1,1,1,,,
985,wese_hibhi_hiye_hisanghi_hihijde_hishadi_hise_hizyada_hirape_enmain_hivishwas_hirakhte_hito_enteri_hi,0,1,1,1,,,
2354,hussain_hiporki_hitum_hito_ensale_hiapni_hi6_restsal_hiki_hibacchi_hibhi_hinahi_hichhodte_hiuske_hisath_hirape_enkarte_hiho_hifir_hiusi_hise_hinikah_hi,1,1,1,1,,,
2908,nahi_hiriya_hiji_hibut_enagar_himatter_enpakistan_hihota_hihai_hito_enapne_hiaap_hikhoon_hikhoul_hijata_hihai_hibahut_hise_hidard_hihai_hisaltation_ense_hile_hikar_hiab_hitak_hi,0,0,0,0,,,
3072,naliya_higang_enrape_enmight_enhave_engot_enblessings_enfrom_enmulayam_hichoti_hichoti_higaltiya_hiladko_hise_hiho_hijati_hihai_hi,0,0,0,0,,,
162,gayathiri_hiraisa_hijulie_hienna_restaarav_hiku_hisecurity_enah_hioviya_hirape_enpannama_hiirukka_hi,0,0,0,0,,,
2766,rape_enke_hiagainst_enkanoon_hime_enbadlaw_hike_hiliye_hiaur_hikitni_hibahu_hibetiyon_hiki_hibali_hichadhwaoge_hido_ensomething_enplzzz_en,0,0,0,0,,,
977,hina_hiki_hiwakil_hii_enhate_enu_ensambhavna_hiji_hiaap_hine_hishilpa_hisath_hiq_hinahi_hidiya_hi,1,1,1,1,,,
2601,wese_hitau_hirape_enindia_enme_enhote_hihain_hilekin_hioval_enme_enhum_hine_hikar_hidia_hichadar_hidaal_hido_enkhoon_hinikal_hiraha_hiha_hichampionstrophyfinal_en,0,0,0,0,,,
3018,kumkumbhagya_hine_hijo_hikiya_hiapne_hidam_hipe_hikiya_hilekin_hikundali_hipar_hitoh_hikumkum_hiki_himeher_hihai_hifir_hiv_hikundali_hiwale_hijamin_hipar_hi,1,1,1,1,,,
2369,haraam_hikaam_hisay_hinafrat_enkarnay_hiwala_hiaur_hihalal_hiki_hitarf_hiraghbat_hidelanay_hiwala_hinaam_hi,1,1,1,1,,,
2630,ravish_hibhaiya_hiravish_hitere_hibhai_hine_hieh_hiladki_hika_hirape_enkiya_hiwo_hilad_hi,1,0,0,0,,,
714,11_restshadi_himain_hinachay_hina_hinachay_hilekin_hitum_hilogon_hisay_hibehtar_hihai_hiwo_hikia_hikehtay_hihain_hitumhare_hidesh_hiko_hirapi_hi,0,1,1,1,,,
596,ye_himodi_hisarkar_hihai_hibhakton_hik_hirape_enbhi_hiqubool_hihain_hialbatta_hihindu_himuslimjodekachahegangasapavitrpremho_hitufanoqahar_hi,1,0,0,0,,,
1105,sarkaar_hiko_hipuchkar_hito_enye_himaamle_hinahin_hihote_hiye_hito_enaadikaalon_hise_hihote_hirahe_hihain_hiye_hihai_hiki_hikabhi_hikam_hikabhi_hizyada_hihue_hi,1,1,1,1,,,
2762,o_hijhandu_hibalm_enaaj_himera_hiek_hifauzi_hibhai_hishaheed_hihua_hij_hiamp_hik_hime_enislamic_enterrorism_enki_higoli_hise_hitu_hichutiya_hiaaj_hitweet_ennhi_hikrega_hijhantu_hi,0,0,0,0,,,
1538,ladkiyo_hiko_hihumare_hiyaha_hirape_enkrne_hika_hisadhan_himana_hijata_hihai_hiyeh_hibhool_higae_hilikhna_hisir_en,1,0,0,0,,,
1844,koi_hibaat_hini_higlad_enfor_himanveer_hibut_enhate_enmanu_hiinko_hivotes_enki_hizyada_hizarurt_hihai_hiwese_hib_hilol_en,0,0,0,0,,,
631,terrorism_enka_hikhatmy_hiki_hijang_hins_hiky_hikhatmy_hik_hisath_hihog_hi,1,0,0,0,,,
780,sandhu_hiaur_hiteri_hito_enarmy_enhi_enterrorist_enki_hihai_hijo_hirape_enkarte_hihai_hilootte_hihai_hichor_hihai_hi,1,1,0,0,,,
277,modi_hiji_hihamare_hipm_enaap_hikuhub_hibhasan_hidete_hihai_hikya_hischool_enme_enrape_enho_hiraha_hihai_hiaur_hiaap_hikuch_hinahi_hibol_hirahe_hihai_hi,0,1,0,0,,,
1581,i_enhate_enit_hiwhen_eni_enlose_enan_enargument_hiaur_hi1din_hibad_hiyaad_hiaata_hihe_enki_hiiski_hijagah_hiye_hibol_hideta_hito_ensamne_hiwale_hiki_hibolti_hiband_enho_hijaati_hi,1,1,1,1,,,
3066,nyra_hiok_enpar_hidhyn_hina_hihate_enpadha_hi,0,0,0,0,,,
1319,film_enrls_hina_hikarwaa_hike_hihistory_enchng_enho_hijayegi_hijo_hihua_hitha_hiusk_hi,1,1,0,0,,,
206,sofrana_hiazhar_hiali_hiteri_himaan_hiaur_hibahen_hika_hirape_enpakistan_hime_enhowa_hitha_hikya_himahajir_hikutay_hi,0,0,0,0,,,
1151,murder_enis_enki_hisaza_hikya_hiho_hi,0,0,0,0,,,
3193,pehle_hiashram_himai_hijo_hirape_enkar_hirahe_hihai_hibaba_hilog_hi16000_restlarkiyon_hika_hiunhe_hito_enbacha_hile_hi,0,1,0,1,,,
2973,dilllll_hitiger_en96_restor_hitm_hi,0,0,0,0,,,
1651,anant_hisingh_hiarun_hisingh_hiomparkash_hijanadan_hisriagrawal_hiye_hihatya_hirape_engunda_higardi_hikre_hito_enbht_hiaccha_hi,1,0,0,0,,,
2421,namastey_hisir_enme_enapka_hidhyan_hihimachal_hime_enhue_higudiya_hirape_enmurder_encase_enki_hiaur_hikheenchna_hichahungi_hi,0,0,0,0,,,
2708,hate_ento_enkoi_hibhi_hikisi_hisey_hikar_hisakta_hihai_himat_hibhed_hihoney_enkey_enkaran_himuslim_enbhi_himuslim_ensey_hihate_enkar_hiskta_hihai_hi,1,0,0,1,,,
454,a_enblooch_himie_hidkho_hikitne_hirape_enhoo_hirahe_hisabse_hijadya_hirape_enpak_himaie_hihei_hihoote_hihai_hi,0,0,0,0,,,
2042,agree_hisir_enjo_hiinsaan_hipyaar_hibant_hita_hihai_hiwo_hinafrat_enke_hilessons_hikaise_hide_hisakta_hihai_hi,0,0,0,0,,,
35,hina_hiki_hiteam_hiaisi_hihi_enhai_hikewal_hinafrat_enhi_enrakhti_hihai_himanu_hibhai_hiaaj_hihina_hiki_hibaari_hiaayi_hito_enapne_hitime_hip_hi,0,1,1,1,,,
648,bhumi_hivikas_hibank_enke_hiemployes_enko_himrne_hijesi_hihalth_hime_enchhod_hidiya_hitm_hikya_histh_hidoge_hikisi_hika_hii_enhate_enu_en,0,1,1,1,,,
38,krishnan_hishakal_hiacchi_hina_hiho_hito_enbaat_hiacchi_hikarni_hichahiye_hipar_hi2_resttake_hike_hibike_enhue_hiye_hilog_hihate_enke_hisiwa_hikya_hijan_hi,1,0,0,0,,,
9,k_hihum_hiit_hiwas_enso_hidisrespectful_eni_enhate_enthat_enraju_hiapne_hiseason_enmein_hibeizzatti_hikarwaa_hikar_hinikla_hit_hi,1,1,1,1,,,
3120,aur_hiakhilesh_hirape_enyukt_hiserkar_hichalata_hitha_hikhoob_hirape_enkaro_hihim_enbachayenge_hi,1,0,0,0,,,
3223,vayapam_highotala_hikarte_hiwaqt_hilazza_hinahi_hiayi_hiab_hinirlazta_hidikha_hirahe_hidesh_hike_hihar_himeghavi_hichatr_hike_hisa_hi,1,0,1,1,,,
2210,jaha_hidekho_hiwaha_hirape_enrape_enkoi_hikuch_hibolega_hibhi_hikese_hiunke_hihi_enadmi_hijo_hihe_en,1,0,1,0,,,
2383,pakistan_hime_en28_restjaada_hirape_enhote_hihai_hiindia_ense_hiwikipedia_hibanned_ento_ennhi_hihai_hikhol_hike_hipadh_hile_hi,0,1,0,0,,,
350,bhai_hijab_hitumne_hidecide_enkar_hihi_enliya_hihai_hiki_hitumhe_hiek_hiqaum_hiko_hihate_enkarna_hihi_enkar_hi,0,1,0,0,,,
1964,baramha_hine_hiapni_hiputri_hisaraswati_hise_hikyo_hirape_enkoya_hitha_hi,0,0,1,0,,,
658,ye_hijo_hihr_enjagah_hichher_hichhar_hirape_enmurdr_hiho_hirahe_hihain_hiinko_hihlke_himein_hina_hilein_hiits_enlarge_hiscale_ensajish_hion_enstreet_enlevel_en,0,0,1,0,,,
167,iska_himatlab_hiye_hinhi_hiki_hiek_hicharacter_enko_hipura_hibewkoof_hihi_endikha_hide_hiya_enphle_hithodi_hikam_hinafrat_endikhate_hiya_en,0,0,0,1,,,
1645,aur_hitum_hilog_hirape_enkarna_hibandh_hikaro_hijoh_hibee_encheez_hidekto_hiho_hiusi_hipe_hilagh_hijate_hiho_hi,0,0,0,0,,,
1489,noteban_hise_hiterrorism_enki_hikamar_hitut_higayi_hiaisa_hikhwab_hikai_hilogo_hiko_hiaaya_hikisi_hine_hito_enyeh_hikhwab_hidin_hime_enjagate_hi,0,0,1,0,,,
1570,i_enhate_enmanu_himanveer_hii_enlive_enin_envashi_hifir_hibhi_hinhi_higyi_hiinorbit_enin_enbandaro_hiko_hidekhne_hi,1,1,1,1,,,
1821,aapko_hito_enpatna_hime_enmurder_engaya_hime_enrape_enka_hipata_hiv_hinahi_hichal_hipata_hihai_hiaur_hibat_enkarto_hiho_hiisi_hiagent_enka_hiin_en,0,0,0,0,,,
563,jo_hilog_hiorat_hika_hirape_enkartey_hihai_hiunko_himot_hiki_hisaja_hideni_hichaheye_hito_enbe_hihang_enkill_endeath_en,0,1,0,0,,,
267,rahul_hiko_hikhud_hihi_enlgta_hii_enhate_enhim_enhelpful_hihai_hiachi_hibaatein_hikrta_hiflirt_hikrta_hihai_hiboht_hikuch_hikuch_hihota_hihai_hirahul_hitum_hini_hisamjhoge_hi,1,1,1,1,,,
2465,sayss_enaur_hiap_hilogo_hik_hiyahan_hiroz_hihota_hihoga_hibaap_hibeti_hika_hirape_enkeray_hi,0,0,0,0,,,
3398,beta_hirape_enki_hibaat_himat_hikar_hijub_hisheela_hirani_hidelhi_hiko_hiloot_enrahi_hithi_hitub_enwahan_hibohot_hirape_enhu_hi,0,0,1,0,,,
2259,bda_hichhuparustam_hinikla_hire_hirahul_hibaba_hiise_hikahte_hih_hideeye_hiniche_hiandhera_hidesh_hiko_hidhoka_hiaankho_hime_endhul_hi,0,0,0,1,,,
1806,_hi,0,0,0,0,,,
1239,are_himc_hikya_hicong_enshashan_hime_enrape_ennahi_hihota_hitha_hi,0,0,0,0,,,
486,_hi,1,0,0,0,,,
1122,kamya_hienglish_hisikha_hirahi_hihate_enfailane_hik_hisath_hisath_hi,0,1,0,0,,,
3322,pakistan_hika_hiahsan_hihai_hiindian_enpar_hitumhain_hikhairat_himain_hijeet_hidete_hihain_hihum_hior_hiterrorism_enka_hisab_hi,0,0,0,0,,,
2153,laashon_hika_hikhoon_hidhul_hijaye_higa_hidil_hiko_hisakoon_hinai_hiaye_higa_hiphir_hi,0,0,0,0,,,
545,ni_hidekhe_hiapki_hiarmy_enor_hirangers_enne_hijbhi_hi2sron_hike_hikhoon_hika_hibadla_hilena_hini_hiata_himeans_enghareeb_hike_hikhoon_hika_hi,1,0,0,0,,,
228,oye_hikapooray_hihum_hitoh_hijeet_hibi_higaye_hichal_hichord_enyar_hibus_enstop_enwomen_enrape_enin_enindia_en,0,0,0,0,,,
2408,k_hihum_hidalmia_hishindey_hi,1,0,0,0,,,
181,waqai_hibaap_hibaap_hihota_hihai_hisara_hisal_hibacho_hiko_hikhus_hikrta_hihai_hibut_enfathers_enday_hiko_hitumary_hijasy_hibacho_hika_higang_enbang_enrape_enhn_hi,0,1,1,1,,,
2250,o_hije_hirail_enmein_hito_enmumkin_hihi_ennahi_hihai_hirape_enkarna_hi3_restdafa_himain_hinay_hikoshish_hiki_hilekin_hinakam_hiraha_hirafique_hi,0,0,0,0,,,
380,kisi_hise_hihutak_hiamaiz_hiandaz_himein_hibat_enkerne_hise_hibat_enbanti_hinahein_hibigarti_hihe_enlove_hifor_hiall_enhatred_enfor_hinon_en,1,0,0,0,,,
1626,tere_hijaise_hilog_hiterrorism_enphaila_hirahe_hihain_hioopar_hichaley_hijaa_hi72_resthoor_himilengi_hi,1,0,0,0,,,
995,twitter_enmai_hidhoni_hidhoni_hichillata_hinahi_hiiska_himeaning_enyeh_hinahi_hiki_hii_enhate_enhim_ennikal_hiaab_hi,0,1,1,1,,,
3124,we_enhate_enkarni_hisena_hisc_hiko_hichabuk_hichalana_hichahiy_hi,1,1,1,1,,,
3021,dekho_hirohan_hiki_hipopularity_enusse_hike_hiliye_himai_hitumhe_hihate_enkar_hirahi_hihu_hikeyoki_hii_enlove_hirohan_hi,0,0,0,1,,,
2234,vo_hiisiliye_hicoz_enhumare_hiyaha_hiadhe_hi,0,1,0,1,,,
2278,nopes_ennahin_hihai_hifans_enhate_enit_hiand_enhaters_hihate_enit_hipata_hichal_hijaaega_hiki_hipublic_enko_hikaise_hilag_hirahi_hihai_hi,1,0,0,0,,,
1069,pm_enyeduurappa_hiis_enhonest_enjay_hishah_hiis_enhonest_enmopalwar_hiis_enhonest_enprakash_himehta_hiis_enhonest_ena_enraja_hiis_enh_hi,1,0,0,0,,,
2928,baigs_hibalatkaar_hise_hiyaad_hiaaya_hiammi_hikaisi_hih_hitumhari_hidrd_hithode_hihi_enh_hiab_hi13_restbaar_hirape_enhua_hiicc_ent_hi,0,0,0,1,,,
2925,bewakoof_hibanakar_hikhaayi_hime_enfek_hidete_hihai_hiuse_engaali_hidete_hihai_hiuse_enjudge_enkarte_hihai_hiuse_enhate_enkarte_hihai_hitoh_hiwoh_hibacha_hibohat_hisadme_hime_endin_hi,0,0,0,0,,,
574,doosri_hibaat_hiye_hik_hikon_hiterrorism_enmn_hihey_hikon_hinai_hihey_hidunya_hijaanti_hihey_hipakistan_hituo_hikhud_hiiss_hika_hishikaar_hihey_hijnab_hi,1,0,0,0,,,
393,bhaiya_hijiska_hikaam_hihai_hiwo_hikarega_hina_hipm_enbolega_hito_enkya_hirape_enhona_hiband_enhojaega_hisundar_hiladki_hide_hi,0,0,0,0,,,
779,kaise_hikarj_hiutaroge_hisena_hike_hikhoon_hipasino_hika_hijanta_hikya_hiachar_hidalegi_hi56_restinch_hike_hiseene_hika_hisamasya_hiseema_hipar_hinahi_hidelhi_hiki_hisarkar_hime_enhai_hi,0,0,0,0,,,
2220,inhone_hiapni_hisuraksha_hike_hiliye_hikhoon_hiki_hiholi_hikheli_hisalute_ento_enthese_enmartyrs_enjai_hihind_hi,0,0,1,1,,,
3076,patakha_hiabe_hibc_hirape_enkarna_hiek_hidimagi_hibimari_hihai_hikam_hise_hikam_hiise_hito_enrajniti_hise_himat_hijod_hirape_enkar_hi,1,0,0,1,,,
2798,abe_hitumhari_hinews_enchannels_hime_enindia_enki_hibaat_hibaht_hihoti_hihe_en,1,1,1,1,,,
1284,28_restislamic_enterrorism_enbe_hibhi_hikuch_hibol_himadarchod_hiagar_higaand_hime_endam_hihai_hiaur_hiek_hibaap_hike_hisperm_ense_hinikla_hihai_hitoh_hi,0,0,0,0,,,
2423,rape_enno_en1_reststate_enhai_himp_hihai_hior_hiyeh_hibengal_hiko_hibadnaam_hikar_hirahi_hihai_hidrugs_enka_hiover_endose_enle_hiliya_hiroopa_himasi_hinai_hi,0,0,0,0,,,
1519,to_enbhi_hidhiyan_hi,0,1,0,1,,,
1291,iss_hikambakhat_himakhi_hiko_hipoore_hiduniya_himein_hisirf_himera_hihi_enmilkshake_enmila_hitha_hisuicide_enkarne_hiko_hiek_hinaya_hikhoon_hika_hiilzaam_himujhpar_hi,0,0,0,0,,,
100,choti_hisi_hipradesh_higujurat_hime_ensatadhari_hiparty_enke_hisevak_hilok_hijab_hiaurato_hiko_hirape_enkarte_hihe_enblack_enmail_enkar_hirahe_hihe_ento_enkan_hi,0,1,1,1,,,
2471,bjp_hiwale_hirajyo_hime_enmurder_enya_enrape_ennahi_hihote_hikya_hiup_enki_hiroti_hikha_hik_hiup_enko_hihi_enbadnaam_hikarte_hiho_hi,0,1,0,1,,,
2946,i_enhate_enu_enpeso_hik_hiliye_hikisi_hika_hisath_hidena_higalat_hibaat_hihe_en,1,1,1,1,,,
1757,kuch_hito_enmudda_himila_hibat_enkarne_hika_hiwarna_hitumhare_higovt_enm_ento_enghotale_hiaur_hirape_enchorkar_hiaur_hikisi_himudde_hipe_hibat_enhi_ennahi_hihoti_hithi_hi,0,1,1,1,,,
3107,akash_hiaur_hiluv_enke_hisaath_hito_enboht_higalat_hikiya_hibut_enhina_hike_hisaath_hiwohi_hikiya_hijo_hiusne_hi,1,1,0,0,,,
233,i_enhate_enpakistanis_hiin_enjaise_hilogo_hiki_hiwajah_hise_hihi_enmere_himulk_hihindustan_hike_hido_entukre_hihuye_hi,1,1,1,1,,,
1727,indian_enaap_hijanwar_hiho_hikhoon_hikitni_hibar_enuse_enkiya_hiapne_hijb_hiyesa_hihone_hilge_hito_ensamjh_hijana_hiki_hipagal_hiho_hichuki_hiaap_hi,1,1,0,1,,,
2415,tiris_hika_hihate_en,0,0,0,1,,,
1007,fawad_hich_hiwo_hibhai_hihai_hijiski_hibehen_hika_hirape_enhu_hiraha_hiho_hitu_hiboley_higa_hibehna_himein_hine_hitu_hibola_hitha_hi,0,0,0,0,,,
1795,sherni_hiisi_hiwale_himuhammad_hiaur_hiallah_hiki_hiayesha_hika_hirape_enkr_hirhe_hiayesha_hibachao_hibacho_hikr_hirhi_hi,0,1,1,1,,,
2857,nabalik_hibachiyo_hika_hirape_enkarne_hiwale_hiki_hikhabar_hinahi_hidikhayi_hito_enitna_hibura_hikyu_hilag_hiraha_hihai_hi,0,1,0,0,,,
654,tu_hitou_hihai_hihi_enbegairat_higanje_hitera_hipast_hikya_hihai_hisubb_hiko_hipata_hihai_hikaal_hitaak_hibbc_himain_hidhake_hikhane_hiwala_hi,0,0,1,1,,,
2513,khatri_hi,0,0,1,0,,,
2002,but_endoklam_hime_enchina_hini_hiaaya_hito_enrape_enhone_hido_enkoi_hibaat_hini_hiyogi_hiwill_hibe_hilike_enab_hilog_hibo_hi,0,0,0,0,,,
1954,i_enfeel_hilike_ennafrat_ense_hiaccha_hidusmani_hiho_hijaaye_hikuch_hitoh_hiresult_hiaayega_hi,1,1,1,1,,,
1634,alisha_hiahmad_hik_hirape_enaur_hiphir_hios_hiwaqat_hikaha_hitha_hitera_hiandar_him_enbin_hiqasim_hi,0,0,0,0,,,
2472,news_enek_hiaurat_hiho_hikar_hiaurat_hiki_hirape_enbat_enkarrhi_hiha_hiowh_hitum_hiko_hisarrm_hiani_hicahiy_hi,1,0,0,0,,,
2644,ye_hijitne_hibichari_hidekhti_hihai_hina_hiutne_hihi_enchalu_hifake_hihai_hishitpashinde_hiki_hitarraha_hii_enhate_enher_hi,1,1,1,1,,,
1977,ek_hidil_hiek_hijaan_hiakal_hike_hiimitihaan_hikal_hikp_hike_hirape_enaur_hisawing_hibetween_entwo_restlegs_hiafter_hirape_enhonge_hijustifie_en,0,0,0,0,,,
2617,hate_enu_ensooooooooooooo_enmuuuuuuuuuuchhhhhh_hibig_enboss_engandgi_hifaila_hirkhi_hih_hibndgi_hipunish_enne_hiunhe_hikuchh_hi,1,1,0,1,,,
798,tumhare_hiallah_hiki_hima_hiki_hiankh_hibc_hiab_hito_ensudhro_hiwo_hiallah_hiharamkhor_hi9_restsal_hiki_hiayeaha_hika_hirape_enkarata_hitha_hi,1,1,1,1,,,
878,krishnan_hisuch_hikahu_hito_enkisi_hifemale_enke_hibaare_hime_enbura_hikahne_hime_enmujhe_hibura_hilag_hiraha_hihai_hibut_enkya_hikaru_hiye_hikaam_hi,1,1,0,0,,,
877,iss_hirascal_enko_hikisne_hibola_hiki_hihindus_hirape_enkerte_hihain_hitumlog_hika_hidharam_hitoh_hikhulleam_hibeizaat_hikerta_hihai_hiaurato_hiko_hibesh_hi,0,1,0,1,,,
363,top_enmut_hitoh_hitu_hipeeta_hih_hikatwe_hisir_entere_hi,1,0,0,0,,,
3337,sab_hihath_hidho_hik_hipade_hihai_hishilpa_hiko_hidegrade_hikarne_hitum_hilogo_hiko_hishilpa_hichor_hik_hiaur_hikuch_hisujhta_hini_hihate_enu_enall_enshilpa_hihate_en,1,1,1,1,,,
1263,is_enpic_enka_hitune_hirape_enkar_hidiya_hi,0,0,0,0,,,
189,mai_hibahut_hirespect_hikar_hitha_hiko_hidilwale_hik_hiphele_hitak_hijab_hiusne_hichallengeaccepted_enka_hitweet_endala_hitabse_hi,0,0,0,0,,,
2836,ke_hikhoon_himein_hihi_encaptaincy_enhai_hisaahab_hi1_restsaal_hike_hiliye_hidhoni_hiko_hicaptaincy_ense_hitoh_hihata_hidoge_hipar_hike_hirecords_hiko_hikaise_hibadloge_hi,0,1,0,0,,,
357,anaye_hiwaley_hidinon_himain_hibhi_hitumhara_hirape_enkarengaye_hicricket_enmain_hipakistan_hitumhara_hibaap_hihai_hi,0,0,0,0,,,
1435,ramteke_hibhai_hii_ennever_hihate_enany_enreligion_enbaaki_hikoi_hikuch_hibhi_hismjhe_hi,0,1,0,1,,,
3379,bhai_hitum_hilog_hikahan_hise_hiaate_hiho_hiachanak_himovie_enke_hibaare_himein_hiitna_hisochna_hitum_hilog_hikahan_hichale_hijate_hiho_hikoi_hi,1,0,1,0,,,
1601,shame_enteamindia_enkuch_hito_enhockey_hiteam_hise_hisikh_hilo_hiaapne_hi,1,0,0,0,,,
1827,aho_hitumhy_hirape_enkar_hik_hibarbad_hihona_hihai_hi,0,0,0,0,,,
1332,abbi_hiabhi_hikhabar_hiaye_hihai_hibada_hiinkishaf_hihua_hihai_hike_hiimran_hikhan_hike_hikhilaf_hijhuta_hipropaganda_enkrne_hipr_hitwitter_enne_hihamid_himir_hika_hirape_enkr_hidiya_hi,0,0,0,0,,,
3370,tum_hilog_hibhi_hiacha_hikro_hiyahan_hiterrorism_enkrwane_hijin_hiraw_enwalon_hiko_hibhjte_hiho_hitum_hilog_hiwoh_hipakre_hijate_hihain_hi,0,0,0,0,,,
3351,he_engood_enyaar_hipata_hinhi_hibechare_hiko_hikyun_hihate_enaati_hihai_hi,0,0,0,0,,,
2317,meri_hikoshish_hijaa_hirahi_hihai_hiyahan_hisab_hiab_hifan_enhai_hiisliye_hisrk_hiko_hihate_enkrte_hiaur_hisrk_hiko_hihate_enkrte_hi,0,1,0,0,,,
2078,kasmir_him_enhindu_hiko_himaara_hikaata_hirape_enhue_hidharm_hichange_enkr_hiaaye_hivo_hibhi_hiindia_enk_himuslim_enh_hi,0,1,1,1,,,
2576,mujhe_hinafrat_enhai_hiun_hilogo_hise_hijo_himuh_hipar_hibolte_hihain_hisong_enbekar_hihai_hiaur_hibaad_himai_hibathroom_enmai_hiearphones_enlaga_hikar_hisame_ensong_enpar_hidance_enkrte_hi,1,1,1,1,,,
377,biggboss11_enarshi_hikitna_hibhi_higalt_hibole_hishilpa_hik_hiliye_hihum_hisb_hiko_hipata_hih_hiwo_hikaisi_hih_hii_enhate_enu_enarshi_hikhan_hi,1,1,1,1,,,
3027,meenay_hi18_restinka_hibas_hichale_hito_ensweden_enaur_hicanada_enko_hibhi_hiterrorism_ensponsors_enkarar_hidede_hi,0,0,0,0,,,
1303,dwivedi_hijiske_hihaath_himuslim_enke_hikhoon_hise_hirange_enho_hiuske_hibhakt_hikabhi_hipatriotic_ennahi_hiho_hisakte_hijust_enashamed_enon_enu_en,0,1,1,1,,,
703,sahi_hibaat_hijab_hiakhilesh_hika_higunda_hiraaj_hitha_hirape_enhote_hithe_enaur_hirepist_enko_hibachaya_hibhi_hij_hi,0,0,0,1,,,
1899,har_highadi_hibadal_hirahi_hihai_hiiski_hizindagi_hihate_enhai_hikabhi_hikabhi_hihai_hifilth_enzindagi_hihar_hipal_hiyaha_hihate_enhi_enrahe_hilad_hi,0,0,0,0,,,
1612,hume_hiaapse_hideshbhagti_hika_hicertificate_enni_hichahiye_hiaap_hiharyana_himai_hihonrhe_hirape_enpe_hibhi_hikuch_hibolo_hiya_en,0,0,0,1,,,
397,ravidubey_hidipika_hi,0,0,1,0,,,
2958,10_restlogon_hiko_hiphansi_hilag_hijae_hito_encorruption_enkhatam_hihojae_higi_hisheikh_hirasheed_hi,0,0,1,0,,,
910,bhai_hiye_hito_enbht_higanda_hirape_enhorha_hihe_enab_himardo_hik_hib_hirape_enhone_hilage_hitumhare_hihan_hi,0,1,1,1,,,
1578,dear_enmain_hiaapki_hibahut_hibadi_hifan_enhu_hikyonki_hiaapne_himujhe_hiaarshi_hiaur_himere_hirikara_hijaise_hiitni_hiintense_enjod_hi,0,0,0,0,,,
3385,insaaf_hika_hitarazu_hika_hirapist_enkhulle_hiaam_hirape_enkar_hiraha_hihai_hiab_hito_enha_hiha_hiha_hiha_hi,0,0,0,0,,,
1794,persian_enliterature_enhar_hiaan_hii_enhate_enhamrahe_hiaval_hiiran_hi,0,1,1,1,,,
2074,papan_hihaat_himay_hitiranga_hileke_hihate_enmongering_hihorahi_hihai_hiha_hiha_hiha_hiben_en,0,0,0,0,,,
2773,father_enof_enterror_enki_himehmannawaji_hijail_restmen_enna_hikaren_hienko_hijannat_hipahunchayen_hijitna_hivilamb_hikarenge_hidesh_hika_hi,0,0,0,0,,,
1162,baap_hiaur_hibeta_hidono_hiek_hicategory_enke_hihai_himulayam_histands_enby_hiladkon_hise_higalti_hiho_hijati_hihai_hicomment_enon_enrape_en,1,0,0,0,,,
2840,wo_hitanmay_hine_hikuch_hitroll_hikiya_hipolice_enne_hifat_hise_hiaction_hile_hiliye_hiaur_hiwo_hijo_hi2_restsal_hipehle_hirape_enhua_hiuska_himolestation_hika_hi,0,1,0,1,,,
1423,haaro_hige_hihe_eninshaa_hiallah_hiterrorism_enphelane_hime_enbhi_hiaur_hikal_hika_himatch_enbhi_hi,0,0,0,0,,,
2520,is_enghar_himain_hiapko_hijis_hiinsan_hise_hinafrat_enho_hisamjh_hilo_hiwo_hiinsan_hinafrat_enke_hilayak_hinahi_hihai_hibalki_hiizzat_hike_hilayak_hihai_hior_hiji_hi,0,0,0,0,,,
3042,dear_ensir_enjis_hirape_enke_hilaws_enand_enrules_enko_hikoi_hidarta_hinahi_hiun_hilaw_enans_enrules_enki_hidesh_hiko_hikyu_hihai_hijarurat_hi,0,0,0,0,,,
3156,sapa_hiraaj_hime_en100_restse_hiuoer_hiladkiyo_hike_hisath_hirape_enhua_hitha_hiisteefa_himanga_hitha_hi,0,0,0,0,,,
2026,i_enhate_engaddar_hiindian_enbehuda_himulla_hithese_enmolwi_himuslimo_hiko_higandi_hiamp_hibarbaad_hisoch_hide_hirhe_hih_hiye_hiislam_hike_hidusmn_hiislam_hi,1,1,1,1,,,
1130,ravidubey_hidipika_hi,1,0,1,0,,,
1524,arshi_hitune_hikion_hiladai_hiki_hishilpa_hiji_hise_hitu_hibahut_hifek_hihai_hiarshi_hivikas_higupta_hine_hithere_enlike_enkya_hikya_hinhi_hikiya_hi,1,1,1,0,,,
1676,air_enjo_hirape_enho_hirahe_hih_hikabhi_hius_hipar_hibhi_hibolo_hi,0,0,0,1,,,
2501,allergy_enkafi_hisahi_hiword_enhai_hihate_enit_hi,0,0,0,0,,,
2430,kaun_hijaat_hik_hiho_hibhai_hiachha_hibo_hirabish_hik_hibhai_hipande_hiji_hiko_hirape_encase_enme_enander_hidaal_hidiya_hiya_enbhai_hiji_hiki_hijaat_hipuchkar_hicase_enltka_hidiya_hi,0,1,0,0,,,
2316,army_ennhi_hihai_hibhai_hiwo_hikhud_hiterrorists_enhai_hiar_hiterrorism_enkaha_hiindia_enki_hi,0,0,0,0,,,
1903,rape_enand_enwoman_enpersecution_hike_hikhilaf_hiawaz_hitoh_hiuthate_hihi_enhai_hiiska_himatlab_hiyeh_hinahi_hikisi_hi,0,1,1,1,,,
2450,soomro_hii_enam_hilike_enu_entoo_ensab_hihi_enuse_enhate_enkarte_hiha_hiapna_hicaptain_enha_hi,0,0,0,0,,,
1314,i_enjst_enhate_endis_enflopa_hivictim_enki_hitarah_hibehave_enkar_hirahi_hihe_enaur_hikhud_hiko_hibada_hibata_hirahi_hih_highatiya_hiaurat_hibani_hiis_enbestest_end_restbest_hi,1,1,1,1,,,
2291,debnath_hinahi_hibheji_hitu_hi,0,0,1,1,,,
1683,ye_hihumara_hihindustan_hihai_hiyaha_hiworld_enka_hirape_encapital_enbana_hihua_hihai_hiindi_en,1,0,1,0,,,
1173,tere_hihar_hipr_hinhi_hibharat_hiko_hibechne_hipr_hii_enhate_enyeh_hiumeed_hinhi_hithi_hibhai_hitujhse_hi,1,1,1,0,,,
2890,i_enhate_enthese_enmuslim_enmolvis_hin_enhindu_hibabas_hijo_hidusro_hiki_hikhushiyon_hiko_hidaba_hike_hikhud_hiitne_himaje_hilete_hihe_enchupke_hi,1,1,1,1,,,
247,bachchiyon_hise_hirape_enkarnewalon_hiko_hikutton_hiki_himout_himar_hidena_hichahiye_hi,1,1,0,1,,,
3168,sir_enup_enka_hikuch_hibhi_hinhi_hiho_hirha_hihai_hijanta_hiap_hiko_hibura_hibol_hirhi_hihai_himai_hiap_hika_hiek_hisupporter_enhun_hilike_encrime_hirape_enjobs_hi,0,1,0,0,,,
2494,datta_hiji_hishinchan_hi,1,0,0,0,,,
3029,paisa_hikhaya_hihoga_hiya_enrape_encase_enme_enarrest_enhua_hihoga_hi,0,0,0,0,,,
696,tum_hikashmir_hiaur_hibalochistan_himein_hiterrorism_enband_enkro_hipiece_enkhudi_hiaa_hijaye_higa_hi,0,0,0,0,,,
2810,ab_hiaapka_hihi_enchallan_hikatega_hikewal_hibade_hilog_hihi_enye_hicomplain_enhai_hiaap_hinahi_hivaise_hibhi_hiis_ensest_en,1,0,1,1,,,
2611,tiyab_hiye_hishocked_enh_hikya_hilat_hipadi_hi,0,0,0,0,,,
3001,sir_enjee_hikya_hi12_restsaal_hisey_hiupar_hiwalo_hika_hirape_enrape_ennahi_hihota_hikya_hifansi_hiki_hisaja_hisirf_hiupto1_en,0,0,0,0,,,
2814,randi_hika_hibachon_hiterrorism_entu_hikarate_hiho_hichahey_hikapoor_hikitna_hibe_hibara_hiho_hijaen_hirahatn_hilun_hika_hinecha_hihan_hi,0,0,0,0,,,
1473,fir_hibhi_hiitne_hisaare_hirape_enho_hirahe_hihai_hikaha_hihai_hirajput_hiladkiyon_hik_hipallu_hik_hipiche_hichupe_hihai_hikya_hi,0,0,0,0,,,
689,me_ensory_enshilpa_hikuch_hitym_enke_hiliye_hisub_enki_hibt_ensun_hike_higlt_hisamjh_hi,1,1,1,1,,,
2097,rape_enaur_hitoilets_hipar_hijoke_enbana_hina_hikoi_hibohat_hihe_enghatiya_hiharkat_hihai_hi,1,0,0,0,,,
1074,tu_hibach_higaya_hihindu_hirape_enkarta_hihai_hito_enteri_hibolti_hiband_enhoti_hihai_hiwah_hisaale_hiwah_hi,0,1,1,1,,,
438,kiu_hikuch_hilog_hichehre_hipr_hidohra_hichehra_hilekr_highumte_hih_hijese_hih_hiwese_hikiu_hinhi_hidikhte_hisabke_hisamne_hikuch_hior_hialag_him_enkuch_hinot_eni_enjust_enhate_enthem_en,1,1,1,1,,,
2150,dalbandin_hithilismia_hik_hishikar_hiaik_himasoom_hibachi_hiko_hio_hiaur_hiaik_hibachy_hiko_hia_enkhoon_hikee_hizarurat_hihai_hirabta_hikare_hibolan_hiblood_enbank_en03327914313_hi,0,0,0,0,,,
3237,malik_hiyeh_hitoh_hipathani_hikutte_hihain_hiko_hiladkiyon_hika_hirape_enkarte_hihain_hiyaad_hinahi_hibangladeshi_hiko_hi1971_restmai_hikisne_hirape_enkiya_hiporki_hi,0,1,1,1,,,
2206,kisiko_hibolne_hise_hipehle_hisocha_hikaro_himai_hipehle_hitumhri_hirespect_hikarta_hitha_hibut_enab_hinhi_hii_enhate_enu_enap_hiek_hi,1,1,1,1,,,
33,sir_enrishi_hiaab_hibaap_hikon_hihai_hipata_hichal_higaya_hichalo_hichoro_hiaap_hilog_hihar_higai_hiaab_hitu_hiterrorism_enband_enkar_hido_en,0,0,0,0,,,
2752,delhi_himei_hito_enmodi_hisarkar_hihai_hiwahan_hichedchhad_hichodo_hiroj_hirape_enho_hiraha_hihai_hikahan_hihai_himodi_hiji_hi,0,1,0,0,,,
2970,hina_hine_hishilpa_hiji_hiko_hikitna_hiacha_hibola_hihai_hiki_hihumare_hiprofession_enmain_himake_enup_enlagana_hipadta_hihai_hi,0,0,1,1,,,
2152,jis_hidin_hitere_hijaise_hilog_hikashmir_hichod_hidenge_hiyeh_hiterrorism_enkhatam_hihojayega_hijoh_hiapne_hihe_enlogo_hiko_hibhadka_hi,1,0,0,0,,,
1822,so_himuch_hihatred_enbut_endont_enworry_enteri_hiaukaat_hiuske_hijute_hichaatne_hiki_hibhi_hinahi_hihai_hi,1,1,0,0,,,
3234,valentine_ennight_enper_hibangalure_hima_hijis_hitarah_hiaurton_hise_hirape_enkiya_higaya_hipehle_hiusse_hiband_enkarwaen_hikahan_hiterror_en,1,0,0,0,,,
1700,mujhe_hito_endono_hise_hihi_ennafrat_enhe_enpar_hibjp_hise_himujhe_hiitni_hinafrat_enhe_enzindagi_hime_enise_hivote_hinhi_hi,1,1,1,1,,,
849,gujaratkegadhe_hiek_hiaur_higadha_hivijay_hijolly_enrape_enke_himale_enmein_hiphansa_hiyeh_higadhe_himultiply_enho_hirahe_hihain_himodi_hisarkar_himein_hi,0,0,0,0,,,
518,2_restfeer_hiteko_hipata_hichal_hijayga_hikon_hirape_enkarwa_hiraha_hihai_hiaur_hikon_hinahi_hikitni_hiaurto_hiko_hitum_hil_en,0,0,0,0,,,
2722,manu_hine_hiteri_himaa_hikaa_hirape_enkiya_hihoga_hiho_hitu_hipaida_hihuwi_hi,1,0,0,0,,,
2743,pakistaniyon_hiko_hiaisi_hinews_enmaamul_hisa_hiho_higaya_hihai_hijaise_hiudar_hiroz_hibomb_hiblasts_enhote_hihai_hiafridiretirement_en,0,0,0,0,,,
2422,bhai_hikarni_hisena_hiwaalon_hipadmaavat_hipe_hijitna_hihalla_himachaya_hihai_hijitney_hidande_hibajaye_hihain_hikisi_hirape_encase_enpe_hibhi_himach_hi,1,1,1,1,,,
1873,tujhe_hito_en99_restlog_hihate_enkarte_hihai_hitu_hikab_hile_hiraha_hihai_hi,0,0,0,0,,,
2503,rajesh_hiveer_hii_enhate_enyou_enusne_hiaaj_hirangeela_hiko_highoda_hibana_hidiya_hiuska_himaa_hikal_hirangeela_hiko_hikutta_hikaha_hi,1,1,1,1,,,
1325,kaise_hihindu_hihai_hiye_hiharamzade_hijo_hiapne_hidesh_hike_hihi_enpm_enshab_hiki_hiinsult_enkarte_hihain_hiin_enharamiyio_hike_hiandar_hikisi_himughal_hika_hik_hi,1,1,1,1,,,
435,haan_hior_hibol_hiye_hivoice_ensuit_enkar_hirahi_hihai_hitere_hiupar_hiapni_hihate_enjaari_hirakho_hior_hivote_hikharab_hikaro_hi,0,0,0,0,,,
1658,i_enhate_enlopa_hitrend_envi_hibanao_hiyar_hibahut_hihit_enhogi_hii_enstand_enby_hibani_hi,1,1,1,1,,,
1372,are_hinahi_hitag_enline_enwas_enmain_hikhoon_hike_hiaansu_hiroyi_hihu_hikal_hikhud_hiki_higalti_hior_hikhud_hihi_enchilla_hirahi_hithi_hibb11_rest,0,0,0,0,,,
382,aur_hibesharam_hiharyana_hik_himinister_enbehuda_hibyan_hide_hirahe_hihain_hik_hirape_enhum_hise_hipuchh_hik_hithodi_hihote_hihain_hi,1,0,0,0,,,
3073,nahi_hibhosdi_hiwaloon_higarmi_hitumhare_hiandar_hibhari_hihai_hiabhi_hi,0,0,0,0,,,
188,maine_hikab_hihate_enkiya_hirona_hiband_enkro_hi,0,0,0,0,,,
2233,news_enkya_hifaltu_hibayaan_hihai_hibengal_hisabhi_hika_hirape_enhota_hihai_hikya_hiinn_enpoliticians_enko_hisharm_hiaani_hichaiye_hi,1,0,1,0,,,
128,agar_hiyaha_hirapes_hihote_hibhi_hihain_hitou_hiratio_enindia_enwala_hinahi_hihai_hizara_hiapna_hiratio_endekho_hija_hik_hit_hi,1,0,0,0,,,
1247,ibrahim1_hidipika_hi,1,0,0,0,,,
367,ek_hirape_enke_hikisse_hise_hibahu_hibetiya_higuj_himein_hisurakshit_hinahin_hiaur_hidin_hike_hipaanch_hirape_enke_hibavajoot_hidelhi_hitoh_hisurakasha_hineeti_hiki_himisaal_hi,0,0,0,0,,,
2846,bharat_hiko_hiaazadi_hidilane_himein_hiww2_enki_hibhi_hikhas_hibhoomika_hirahi_hihai_hiaur_hiww2_enhitler_enki_hiwajah_hise_hihua_hitha_hito_engandhi_hike_hisaath_hihitler_enko_hibhi_hiyad_hikaro_hi,1,0,0,1,,,
1555,tum_hihaaray_hihum_hijheete_hiis_enhe_enterhan_hikashmir_hibhi_hihar_hijao_hiterrorism_enkhud_hiba_hikhud_hikhatam_hihojaiga_hi,0,0,0,0,,,
821,zn_hichutiye_hipakistani_hilogo_hitumara_highar_hi,1,1,1,1,,,
2656,sir_enhimachal_hipradesh_hime_enek_hildki_hik_hisath_hirape_enaur_himurder_enhua_hiuske_hishrir_hik_hitukde_hikr_hidiye_higye_hiwoh_hinews_enaap_hiapne_hi,0,0,0,0,,,
2922,phele_hitoh_hirohingya_himuslims_hine_hibuddhist_hihindu_hilogo_hiko_himara_hirape_enkiya_hiconversion_enkiya_hiaur_hiab_hiapna_hirandi_hirona_hiro_hirahe_hihai_hidon_ent_hibe_hifool_en,1,0,0,0,,,
1668,khan54_hiagar_hivikas_hine_hiwoh_hidost_hichune_hihai_himatlab_hiwoh_hiansu_hibhi_hisache_hithe_enwoh_hitorture_enjo_hiusne_hisaha_hi,1,0,1,0,,,
698,tum_hito_ensubah_hishaam_hisonia_himutra_hipeete_hihi_enhonge_hiaur_hitumhre_hito_enkhoon_hime_enbhi_hicongress_hihi_enhogi_hihai_hina_hibado_hine_hibhi_hiyahi_hikaam_hikiya_hihai_hi,1,0,0,0,,,
3177,ki_hibaari_hihai_hiapne_hikaha_hita_hike_hipakistan_hiapne_himulk_hise_hiterrorism_enkhatam_hikare_hitu_hiab_hiindian_ensuported_enterrorism_enko_hikhatam_hikar_hirahe_hihai_hi,0,0,0,0,,,
2726,navin_hinow_enwe_enhate_enu_enmost_enkaise_hiinsan_hiho_hitumhe_hisharam_hiaani_hichahiye_hirohan_hike_hisamne_hikhade_hirehne_hiki_hiaukat_hinahi_hihai_hi,0,0,1,1,,,
3022,sir_enuttar_hipradesh_hike_hikairana_hikasba_hime_en1_restladki_hiko_hiuske_highar_hise_hiutha_hikar_hirape_enkiya_higaya_hiaur_hipolice_enko_hibatane_hipar_hipolice_en,0,0,0,0,,,
2287,kya_himahilayo_hika_hikoi_hisamman_hinai_hiup_enme_enagar_hihai_hito_enjinke_hiupar_hirape_encase_enchal_hiraha_hih_hiunhe_hiticket_enkyu_hi,1,0,0,0,,,
2492,gashti_hiki_hibachi_hihay_hitu_hiwoh_hikanjar_hiparliament_enjo_hizainab_hikay_hirape_enor_hiqatal_hipay_enna_hijagi_hiwohi_hiparliame_en,1,1,1,1,,,
404,medical_enme_enrape_enki_hipushti_hina_hihone_hipr_hibhi_hipaid_enmedia_enne_hikiya_hisanto_hiko_hibadnam_hiishumanrightalive_en,1,0,0,0,,,
2132,banfatahkfatwa_hiis_endor_hika_hisab_hise_hibegerat_enchainal_enzee_ennews_enhai_hijis_hine_hitarikh_hifatha_hiko_hibula_hikr_hinafrat_enphela_hirha_hihai_hibanfatahkafatwa_hi,0,0,0,0,,,
947,haque_hikasam_hise_hidil_hikhush_hiho_higaya_hihai_hibohat_hiacha_hikiya_hiin_enki_hireporting_ento_enrozana_hikhoon_hipi_hirahi_hithe_en,0,0,0,0,,,
2255,sir_enaap_hiki_hiaek_hibat_enbahot_higalt_hilagi_hivo_hihai_hiisrail_hike_hipm_enke_hisath_hiselfie_enkhich_hina_hisir_enaap_hito_enmahan_hihai_hior_hi,1,0,0,0,,,
2713,ye_hito_enek_hidukhad_highatna_hihai_hisirjee_hihatya_hito_enaapke_hiraaj_hime_enhui_hithis_enrape_enextortion_hiscam_hiaur_hina_hijane_hikya_hikya_hibhul_higaye_hikya_hi,0,0,0,0,,,
2557,ub_hikhoon_hikyon_hithanda_hipadh_higaya_hihae_hibjp_hiwalon_hika_hikya_hihindu_hibaba_hiko_hihindu_hiladhkiyon_hika_hirape_enkarna_hiallowed_hihae_hi,0,0,0,0,,,
1270,vishal_hibhagat_hisingh_hine_hikya_hiram_hiram_hijapa_hitha_hiangrezo_hik_hisa_hi,0,1,0,0,,,
2667,terrorism_entumhara_hikaam_hihai_hihumara_hinahi_hispy_ento_entumhare_hibhi_hihai_hiso_hichill_hi,0,0,0,0,,,
1055,dusro_hise_hiquestioning_enkarna_hibahut_hieasy_enhotta_hihai_himr_higandhi_hitum_hiek_hibaat_hibatao_hi60saal_himein_hic_hi,0,0,0,0,,,
1051,kar_hike_hitime_higulmam_hiko_hihate_enmail_enkiya_hitha_hina_hiaap_hikaro_hitho_hisahi_hihum_hikarke_hitho_higalat_hi,0,0,0,0,,,
2817,plz_enuska_hinaam_himat_hilijiye_hisab_hiutar_hijaati_hihai_hihate_enhim_en,1,1,1,1,,,
133,qandeel_himurder_enpe_himujhe_hibhi_hidukh_hihua_hitha_hiaur_hihai_hibut_enthey_enway_enshe_enwas_engoing_hiwas_encondemnable_enyeh_hikoi_hiacha_hipath_ennai_hi,0,0,0,0,,,
1085,arshad_hiapna_hidesh_hisambhalo_hipehle_hisara_hiworld_enmai_hijo_hiterrorism_enfaila_hirahe_hihai_hiwo_hisilhaynge_hihumain_hik_hihum_hikaise_hiapna_hidesh_hichalaye_hi,0,0,1,1,,,
1264,thatha_hiinka_hialane_hiunara_hikastha_himega_himedha_hihate_enpakana_hipettandi_hi,0,0,0,0,,,
2685,hindu_hiterror_enka_hijhunjhuna_hibajaya_hija_hiske_hi,0,0,0,0,,,
2378,freaking_ensr_hiayub_himatlab_hikuch_hibhi_hisearch_enrape_encapital_enin_entwitter_ensach_hisamny_hiaa_hijaye_higa_hi,0,0,0,0,,,
3210,bapu_hipehle_hibhi_hihate_enthey_encong_enki_hisarkar_hime_enaur_hiab_hisirf_hihathe_hinahi_himodi_hine_hibapu_hike_hipaze_hiper_hikabja_hikar_hilia_hi,0,0,0,1,,,
911,apny_himodi_hithe_enbucher_hiof_engujrat_hiko_hibhe_hisuggest_enkarain_hik_hikashmir_himai_hibhe_hiterrorism_enkhatam_hikary_hi,0,0,0,0,,,
1379,aap_himulla_himulayam_hika_hirape_enper_hibayan_hibhul_higaye_hi,0,0,0,0,,,
1408,panama_enpar_hiapp_enme_enkabhi_hibaat_hinahi_hiki_hihisaab_himangna_hitu_hihate_ennahi_hiheee_hi,0,0,0,0,,,
1384,are_hiaditi_hitoh_hibaukhla_higai_hihai_hibashing_enaur_hihate_ense_hibut_enusse_hisamajhna_hichahiye_hibashing_enusk_hi,0,0,0,0,,,
1347,as_ena_enakshra_hii_enhate_enhina_hikhan_hibut_enjaise_hihi_enusne_hiis_enghar_him_enapne_hiaap_hiko_hidikhaya_hihai_hii_enrespct_enher_hibhai_hikitna_hibhi_hi,1,1,1,1,,,
2808,gadhaakallesh_hine_hikairana_hi,1,0,0,0,,,
1667,ye_hiisliye_hikyoki_himai_hiye_hidekh_hiraha_hihu_hikuch_hibhi_hiho_hibus_ensarkar_hiper_hithop_hido_enkahi_hitrain_enhadaza_hikahi_hipul_hihadsa_hikahi_hirape_enbus_enyahi_hikah_hido_ensarkar_hi,0,0,1,0,,,
1072,ye_himidia_enbale_hiyogi_hior_himodi_hike_higungate_hirhate_hihate_enhai_hiup_enmai_hidalito_hipar_hiho_hirha_hiateyachar_hinahi_hidhikhata_hikya_hi,1,1,0,1,,,
560,rupa_hifir_hiye_hibtao_hitumra_hikitna_hibar_enrape_enho_higya_hih_hiabi_hitak_hibangal_hime_enbhi_hitum_hibhi_hito_enbangal_hime_enhi_enho_hi,0,1,1,1,,,
912,rape_entumhare_hiyaha_hihota_hibosdiwalo_hiapni_hibehan_hise_hisadi_hikar_hilete_hi10_restsuar_hijise_hibache_hipaida_hikarte_hi,0,1,1,1,,,
1557,bad_hipolitics_enek_hihindu_hibhai_hidusre_hihindu_hibhai_hika_hikhoon_hipene_hik_hiliye_hitaiyar_hihogaya_hihe_enabhi_hibhe_hitime_hihe_en,0,1,1,1,,,
1294,rape_enpe_hiladko_hise_higalti_hiho_hijati_hihai_hitera_hibaap_hibola_higadhe_hibaap_hiki_hiaulad_higadha_hihi_enhogi_hi,1,0,0,0,,,
2063,betiya_hipaida_hihi_enmat_hikaro_higarb_hihtyaa_hiko_hiprmot_hikaro_hibetiyo_hiko_higawar_hirakho_hikhuleaam_hirape_enho_hi,1,0,1,1,,,
274,ye_hibhai_hike_hirape_enaur_hibehan_hike_hichori_hiwale_hijawab_hisunne_hiwale_hipatrakar_hihain_hi,1,0,1,1,,,
1234,agar_hisarkare_hiunhe_higiraftar_hinhi_hikarti_hiti_hibarkhast_hikr_hideni_hichahir_hisarkare_hiye_hisb_hikuchh_hinetao_himantriyo_hike_hisup_en,1,1,0,1,,,
1869,sirf_hibologe_hiya_enkaroge_hibhi_hipadmavati_hiissue_enpe_hibolo_hiohh_enkaise_hibolog_hi,0,0,0,0,,,
366,kisi_hirape_enki_hipaidawar_hihe_entu_hi,0,1,1,1,,,
1300,are_hiiski_hibaat_hiur_higadhe_hiki_hilaat_hiek_hijesi_hih_hiroj_hipalti_himarti_hih_hiiska_hikoi_hibharosa_hinhi_hi,1,1,0,0,,,
3017,excuse_enme_enmr_hirishi_hikapoor_hiaap_hina_hibolne_hise_hipehle_hisocha_hikare_hiterrorism_enaap_hilog_hikhatam_hikare_hihumare_hikashmir_hi,0,0,1,0,,,
1114,0_restmadarchod_hidp_ento_enapne_hidesh_hiki_hilga_hibhikhari_hiland_hiha_hiyaha_hike_hibache_hibhi_hiteri_hiamma_hiki_hirape_enkar_hidenge_hiporki_hichut_hi,1,1,0,1,,,
2567,2_restvaise_hitumhare_hiyaha_hito_enkidnap_enrape_enhota_hihai_hina_hi,0,0,1,0,,,
1014,kulbhushan_hijadhav_hiji_hiki_hifamily_enko_hilautate_hiwaqt_hiwait_enkarna_hipadha_hicoz_enjo_hicar_endriver_enservice_hik_hiliye_hiappointed_entha_hi,0,1,0,1,,,
881,deewana_hibhai_hitumhari_hiside_enhi_enhain_hihum_hilog_hiwe_enhate_engauhar_hiand_enbani_hi,0,1,0,1,,,
3319,dawn_enjab_hikhana_hikaba_himai_hisab_hinamaz_hiparh_hisaktay_hihai_hitou_hiwhy_enwe_enhave_ento_endec_en,1,0,0,0,,,
3350,400_restwe_entake_hiso_himuch_hipain_enin_enstudying_enfor_hica_enand_enassholes_enlike_en,1,0,0,0,,,
2684,sale_hikardi_hipakistan_hiwali_hiwo_hibhi_hiunke_hitalwe_hichat_hikar_hijeete_hihai_hiaur_hitu_hibhi_hiwahi_hikar_hiraha_hihai_hihate_enhindus_hispread_enhate_endikha_hidi_hi,1,1,1,1,,,
1044,hadd_hitoh_hitab_hihogayi_hijab_hiuski_hifrnd_enne_hibola_hiki_hiannika_hika_himurder_enkyu_hinahi_hihojata_hihadi_hiwadi_hibolte_hithe_enusse_himaine_hibhi_hibata_hidiya_hi,0,1,0,1,,,
2202,app_enkashmir_himein_hiterrorism_enband_enkaro_hiinnocent_hikashmiris_hiko_hihr_enroz_hishaheed_hikr_hirahay_hiho_hi,0,0,0,0,,,
1005,n_enwe_enhate_enu_entereko_hilog_hibas_higaali_hidene_hike_hiliye_hifollow_enkarte_hihai_hitu_hikabhi_hiapne_hicomments_enkhol_hi,1,1,1,1,,,
1164,bate_hihate_enkyo_hijanab_hireason_ento_ensab_hisamne_hiaate_hihai_hina_hidekho_hiapni_hijankari_hiachi_hirakho_hior_hiagar_hihai_hito_enusko_hiuse_en,0,0,0,0,,,
1522,rafique_hijesa_hikhan_hibegerat_enhe_enwese_hihi_enhon_hige_hiin_enpojne_hiwale_hii_enhate_enniazi_hipasha_hi2_restno_en,1,1,1,1,,,
1842,pagal_hiko_hikya_hihua_hiaaj_hiu_enhate_enemoji_enna_hi,1,1,0,1,,,
778,mujhe_hilagta_hihai_hikay_hifawad_hialam_ennay_hiinzamam_hiki_hibeti_hiya_enbiwi_hi,0,0,0,0,,,
2275,or_hijo_himadical_enrape_endate_hihain_hiwo_hikidhar_hichorti_hiho_hi,0,0,0,1,,,
3231,abay_hibhosday_hi10_restsaal_hiki_hibachi_hiko_hipregnant_enkarne_hisay_hiac_hi,1,0,1,0,,,
3063,gali_hidene_hiki_hiischa_hihoti_hihai_hijab_hinirbhya_hirape_enhua_hitha_hitab_hikaha_hisoye_hihue_hithe_encastinism_endesh_hiko_hikhaa_hijayega_hi,1,0,0,0,,,
173,biggboss11_enhate_entrigger_enwahi_hikarti_hihai_hiuske_hishow_enme_enbhi_hichubti_hithi_hior_hiyaha_hibhi_hi,1,1,1,0,,,
1632,mantri_hiji_hikripa_hikar_hike_hipriority_enharyana_himein_hiho_hirhe_himinor_enladkiyon_hike_hisath_hirape_enko_hicontrol_enlaane_hi,0,0,0,0,,,
3262,kahit_higaano_himopako_hika_hihate_enlab_enparen_hikita_hi,1,0,0,0,,,
2633,dilog_hiacha_hihy_enrishi_hisir_ensbko_hipata_hihu_hiterrorism_enkon_hikr_hiraha_hihy_ensoo_hiplzzz_endosron_hipay_enilzm_hina_hilagao_hipehly_hiapne_highr_hiko_hisaaf_hikro_hi,1,0,0,0,,,
1711,bharat_hik_himusalmano_hine_hihar_hiterrorism_enko_hinakar_hidiya_hiaj_hihar_hidin_hiap_himobe_hib_hi,0,0,0,0,,,
495,islamabad_enmulk_hibhar_hime_enqaid_hi348_restqaidiyon_hiko_hiphansi_hidene_hika_hifaisla_hiberoot_endamishq_hik_hiqareeb_hishami_hifoaj_hika_hirocket_hihamla_hi16_restafrad_enhalak_hi,0,0,0,0,,,
1246,ha_histrong_enhai_hikisne_hibola_histrong_ennahi_hihai_hifir_hibi_hiuss_hidumb_enrohit_hiko_hinikalna_hichahiye_hii_enhate_en,1,1,1,1,,,
1224,sir_enmujhe_hiroj_hinews_enme_enwomens_enrape_enki_hikhabar_himilte_hihai_hieske_hiliya_hikuch_hisakhat_hirules_enaur_hibanana_hinahi_hichayiya_hihum_hilog_hibhi_hisafe_enho_hijai_hi,0,0,0,0,,,
1460,i_enam_hivery_ensorry_ento_ensay_hisaaf_hidil_hishilpa_hike_hifans_enhiten_enke_hidil_himein_hikya_hihai_hiwoh_hi,0,0,1,0,,,
2545,jis_hitarha_hiquaid_hie_hiazam_hipar_hi1_restlarrki_hinay_hijhota_hirape_enka_hicase_enbanaya_hitha_hitrain_enmain_hiaj_hiausi_hidarmay_hiko_hicolourful_enadakaron_hipe_hishoot_enkeya_higaya_hi,0,0,0,0,,,
1701,maken_higand_himarne_hike_hiliye_hichal_hiab_hibye_enchinal_hike_hikal_hipure_himu_hi,0,1,1,1,,,
1046,kya_hiqusoor_hihai_hiamala_hika_hiafter_hievan_hiviraj_hisuveer_hisunny_ento_enrape_enamala_histarplus_restcolors_en,0,0,0,0,,,
1445,tuu_hikar_hike_hidekh_hile_hirape_enpata_hichal_hijayega_hichu_hia_enaapiye_hi,0,0,0,0,,,
600,esne_hicase_enkiya_hihua_hihai_hirape_enka_hisalariya_enpar_hichargesheet_encourt_enmein_hisubmit_enho_hichuki_hihai_hi,0,0,0,0,,,
1775,economic_enterrorism_enor_hijamhoriyat_hik_hiname_enpr_himulko_hiquom_hiko_hibarbad_hikarty_hiwaqt_hiaaen_hikahan_hihota_hiha_hior_hikya_hibatata_hiha_hi,0,0,0,0,,,
955,qoran_hime_engardan_hikatane_hiko_hikah_higaya_hiwah_hirape_enaur_hikisi_hika_hikatal_hikanre_hipar_hina_hiki_hijanwar_hikatne_hiper_hi,0,0,1,0,,,
2905,iska_hirape_ennahi_hihua_hiye_hito_enchahte_hihe_ende_hideti_hihe_en,0,0,1,0,,,
1204,bhai_hifir_hibhi_hijeet_hipandawo_hiki_hihi_enhui_hithi_hipta_hihai_hikyo_hikyonki_hishree_hikrishan_hiji_hidharm_hike_hipaksh_hime_enkhade_hithe_enpuri_himahabh_hi,0,1,0,1,,,
1567,budha_hiinsaan_hitri_enfuddi_hito_en65_restki_hihai_hikoi_hidonkey_enhi_enchode_hitujhe_hior_hihan_hijitenge_hibhi_hihm_hin_enplz_enye_hirape_enkarna_hi,0,1,0,1,,,
2414,wale_hilog_hijante_hihai_hipar_hiatankwadiyo_hinafrat_enfailane_hiwalo_hike_hiliye_himeri_hiyehi_hilanguage_enrahegi_hi,0,0,1,0,,,
2699,kyu_hibhaiya_hiuske_hibhai_hine_hirape_enkiya_hilaga_hitere_hibhai_hine_hirape_enkiya_hiwah_hiwah_hijo_hitum_hikaro_hiwo_hiteek_hibjp_hikare_hitoh_hikharab_hi,0,1,1,1,,,
590,bhabi_hiji_hiap_hikarani_hisena_hik_hibare_himein_hikuch_hina_hihi_enbolo_hito_enac_hi,1,0,0,0,,,
2786,ap_hito_eneducated_enmalum_hihote_hihain_hiagar_hiaisa_hihai_hito_enap_hipahle_hiquran_hiholy_hibook_hiko_hiparho_hisamjho_hiaur_hinafrat_ense_hiruk_hijawo_hi,0,0,0,0,,,
3220,haha_hislb_hiko_hithappad_hipada_hitab_hikaisa_hides_himei_hiho_hilagraha_hihei_hijab_hihar_hidin_hirape_enhota_hihei_hitab_higaand_himarwa_hirahi_hithi_hikya_hi,1,0,1,0,,,
1096,karachi_hiko_hiterrorism_enka_hishikaar_hihoney_enpe_hibura_hibhalla_hibolnay_hiwaaley_hiaaj_hichup_hise_hisog_himana_hirahey_hihain_hiek_hiwaqt_hitha_hihum_hilaashen_hiuthatey_hithy_enroz_hi,0,0,0,1,,,
925,mujhe_hinahi_hipata_hibas_hitu_hiis_enrap_enka_hirape_enkardena_himujhe_himatlab_hinahi_hihai_hiki_hitu_hirap_enke_hisath_hiraat_hibita_hiya_enshadi_hikar_hibas_hiho_hijana_hichahia_hi,0,1,1,0,,,
3090,qvkly_hipeshawar_hiki_hiclock_hiidhar_hikyu_hidhika_hirahe_hiho_hisuna_hiki_hipak_hime_ensirf_hiaur_hisirf_hibakri_hiko_hirape_enkar_hijata_hihe_en,0,0,1,0,,,
3295,i_enhate_enthem_enjo_hilog_hiaapko_hibadnami_hikarte_hihai_hikyonke_hiaap_hihamare_hilye_hiek_hibahat_hikhas_hiinsaan_hiho_hi,1,1,1,1,,,
3301,kapooray_hipehlay_himulk_himain_hirape_encontrol_enkro_hikahin_hitumharay_hichiknay_hika_hib_hina_hihojayai_hiangrezi_hihamain_hiahi_hijay_hi,0,0,0,0,,,
852,j_hip_hibass_hiye_hiviku_hihina_hika_hiname_enkyun_hilaata_hihai_hibaar_hibaar_hii_enjust_enhate_enthat_en,1,1,1,1,,,
1012,777_restwah_hirashan_hicard_enbanvane_hike_hiname_enpar_hirape_enkrne_himms_enbanane_hivale_hikhud_hikajri_hibabu_hipar_hialliga_hi,1,0,0,0,,,
2064,baleegh_hiur_hirehman_hika_hirape_enchal_hiraha_hihai_hihamir_himir_hik_hishow_enmai_hi,0,0,0,0,,,
622,beta_hiburma_himein_hikismat_hise_hibach_higya_hinhi_hitoh_hiisse_hibhi_hibura_hiho_hijata_hirape_enho_hijata_hiis_enjhath_hike_hibaal_hika_hi,0,1,0,0,,,
669,sir_enwe_enall_enknow_hikuch_hinahi_hihi_enho_hisakta_hijab_hitak_hiworld_enterrorism_enke_hiagainst_enkhada_hinahi_hihota_hi,0,0,0,0,,,
2107,ha_hiha_hiha_hijaise_hipak_hime_enrape_ennahi_hihota_hibhai_hipak_hiis_enthe_enno_en1_restin_enterrorist_ensupply_hiriot_enhua_hibandh_hibhi_hihoga_hi,0,0,0,0,,,
1517,chutiya_hihe_enis_eni_enhate_enhim_en,1,1,1,1,,,
1221,inhe_hiq_hikewal_hishaadi_hike_hiliye_hishariyat_hika_hikanoon_hichahiye_hi14_restsaal_hime_enkewal_hishaadi_hike_hiliye_hihi_enbaalig_hirape_enkrne_hiwala_hi,0,1,1,1,,,
606,waise_himeri_hisoch_hiaisi_hihai_hicoz_enmain_hireligion_enmaanta_hihi_ennahi_hinafrat_enhai_hikattar_hilogo_hise_hiaur_hiunnki_hisoch_hise_hi,1,0,1,1,,,
1946,beef_ense_hijisko_hinafrat_enh_hipahle_hiapne_higharon_hise_hileather_hik_hibelt_enaur_hishoes_ennikaal_hikr_hijala_hide_hi,1,0,0,1,,,
360,amarinder_hiapni_hihee_hisabha_hiki_hitasveer_hidil_hihate_enho_hi,0,0,0,0,,,
1175,kami_hihamare_hiandar_hikhud_hihai_hijab_hirape_enhota_hihai_hito_encandle_enmarch_enkarte_hihai_hi,1,0,0,0,,,
1640,aaj_hito_ensalman_hibhi_hichupke_hise_hibol_higaye_hik_hii_enhate_enhina_hiand_enagree_hiwith_hiarshi_hif_hi,0,1,1,1,,,
369,kisse_hibol_hirahe_hiho_hibhakt_hiko_hibol_hikar_hihi_enlaya_higaya_hiye_hibhadwa_hikadyani_hitake_hihatred_enfela_hisake_enbut_end_restq_hiy_end_restppl_engo_ento_endis_enshow_en,0,0,0,1,,,
3102,nhi_hiallah_hika_hishukar_hiha_hipakistan_himei_hisb_hikuch_hiha_hihr_ennaimat_hikhush_hihaal_himulk_hiha_hiagr_hi,0,0,0,0,,,
70,org_hihate_enspeech_encases_ensirf_himojahiro_hipe_hibanty_hihae_hi,0,0,0,0,,,
1597,haasan_hitum_hikeh_hitay_hipakistan_hiacha_hinahi_hichalo_hit_hi,0,0,0,0,,,
728,kashmir_hitm_hilog_hiab_hibacha_hini_hisakte_hitoilets_hitm_hilog_hibanwa_hini_hisakte_hirape_entm_hilog_hirukwa_hini_hisakte_hiaur_hiphir_himun_hiu_en,1,1,0,1,,,
2609,bhai_hihumne_hibas_hiaik_himartaba_hiterrorism_ensponsor_enkiya_hihai_hiwoh_hibhi_hisri_hilanka_himein_himai_hikhud_hiopenly_enye_hikeh_hira_hi,0,0,1,0,,,
3343,saudi_hiarab_hiwale_hirules_enlaao_hifr_hibaat_hibanegi_hirape_enki_hisaja_hime_enbechara_hiusse_hihi_enhath_hidho_hibaithega_hi,0,0,1,0,,,
3089,sir_enbeti_hito_enbeti_hihoti_hihai_hiuska_hiumar_hise_hikya_hilena_hidena_hiaapko_hisabhi_hirape_encases_enk_hiliye_hiye_hinirnay_hilena_hichahiye_hi,0,0,0,0,,,
957,sir_ennaliya_hirape_encase_enin_engujarat_hikya_hiaap_hibhi_hiaise_hipagalbillo_hiko_hiticket_endoge_hi,1,0,0,0,,,
160,ise_hilagata_hihai_hiis_enzagade_hime_enlog_hishilpa_hiko_hihate_enkarenge_hiisiliye_hibaar_hibaar_himu_hi,0,0,0,1,,,
3010,jihadiyo_hika_hijihadiyo_hise_hipooch_himurder_enmurder_enhota_hihai_himai_hishakha_hinahi_higaya_hiisliye_himur_hi,0,0,0,0,,,
111,bahu_hibetio_hiki_hirape_enaur_hihatya_hibhi_hirecord_hitor_hiho_hiraha_hihai_hiis_enper_hiaap_hika_hidh_hi,0,0,0,0,,,
2356,vaghani_hihimachal_hiprad_hi,0,0,0,0,,,
978,nahi_hiwoh_hiabhi_hirape_enkarwa_hiraha_hihai_hiaankh_hiband_enkar_hik_hi,0,0,0,0,,,
1500,tv_hiki_hisita_hiko_hiye_hib_hinahi_hipata_hiki_hikya_hibolna_hihai_hikya_hinahi_hibas_hinafrat_enki_hirajneeti_hise_himatlab_hihai_hiinhe_hi,1,1,1,1,,,
1222,bht_hibap_hibap_hikra_hitha_hina_hikya_hihua_hitv_hikahan_hituthay_hilol_enlundistan_himai_hituthay_hikisi_hirape_enki_hipaidawar_hi,1,1,1,1,,,
2820,matlab_hike_hiab_hiagar_hibeef_ennahi_hikha_hisakte_hito_encow_enka_hihi_enrape_enkar_hidaalo_hifacepalm_en,0,1,1,1,,,
2675,tumhain_hisharam_hiaani_hichaheye_hiis_enbrutal_himurder_enko_hipoliticize_enkarne_hipe_hiis_enterhan_hitu_himashal_hikpk_higov_enaur_hipti_hiprovin_en,1,1,1,1,,,
1192,aur_hius_hiek_higang_enke_hiupar_hibhee_hiilzam_hihai_hiilzam_hipolitically_himotivated_enho_hisaka_hihai_hiislamic_enterrorism_enworldwide_enhai_hi,0,0,0,0,,,
2113,meri_hikhwahish_hibhi_hikuch_hiajeeb_hisi_hihai_hiwo_himujh_hise_hinafrat_enkare_hito_enkare_hilekin_himohabbat_hikisi_hiaur_hise_hina_hikare_hi,0,1,0,1,,,
866,aur_hibhai_hika_hito_enkhada_hihi_ennhi_hihota_hito_enrape_enkya_hikrega_hiposter_ennhi_hichhed_hilekr_highum_hira_hih_hi,0,0,0,0,,,
463,ek_hihi_enrastaa_hihai_hireppist_enke_hisaat_hijo_hisaudi_hiarabia_hime_enhota_hihai_hiyaha_hiper_hib_hikaro_hiyakeen_himano_hiphir_hikoi_hirape_ennahi_hihogaa_hi,0,1,0,0,,,
3099,retired_enfauji_hine_hipatni_hiki_hipitaai_hikarne_hike_hibaad_hibistar_hise_hibaandha_hinaukar_hine_hikiya_hirape_en,0,1,0,1,,,
1732,tamoli_hibro_enmere_hitweet_enmai_hisare_hirang_hihai_hirajniti_hike_hipyaar_hike_hinafrat_enke_hijokes_enke_hiattitude_enke_hi,0,0,1,0,,,
1649,i_endon_ent_hihate_enindia_enmeri_hikoi_hizaati_hidushmani_hithorri_hihi_enh_hiaap_hise_hior_hirahi_hikhail_hiki_hibaat_hitou_hihaa_hi,0,1,1,1,,,
1363,sanchalk_hithe_ento_entum_hikese_hibol_hisakte_hiho_hikisiko_hiuth_hiza_hibol_hik_hiaaj_hitumari_hivzase_hihari_hihey_hih_hi,1,0,0,1,,,
1455,i_enhate_enpalak_hipaneer_hipaalak_hidekh_hike_himera_hidimag_hikharab_hiho_hijaata_hihai_hilol_en,1,1,1,1,,,
1646,khan_hiyes_enlopa_hiis_eninsecure_enwith_hibani_hiisliye_hihar_hiwaqt_hibani_hiko_hibura_hibolti_hihai_hii_enhate_enthis_engirl_enn_enlove_hiu_enbani_histaystong_en,1,1,1,1,,,
2467,hate_enit_hijab_hitest_enata_hiho_hiphr_hibh_hiacha_hina_hiho_hi,1,1,0,0,,,
2264,bulbul_hiji_hiaashiq_hitera_hihi_enaap_hike_hisaath_hikisi_himusalman_hine_hikar_hidari_hiki_hihai_hikya_hiyeh_higaddari_hinahi_hihai_hisali_hi,1,1,1,1,,,
3250,aaj_hiphir_hiek_hiraajneta_hiaaya_hiaur_himere_hishahar_hika_hirape_enkarke_hichala_hijaayega_hi,0,0,0,0,,,
2376,rishi_hisab_hiterrorism_enhum_hinhi_hiaap_hilog_hiho_hishak_hihai_hito_enkashmir_hiko_hihi_endekh_hilo_hikon_hiphela_hiraha_hihai_hiterrorism_en,0,0,0,0,,,
399,wo_hisala_hito_enbaba_hihai_hiasha_hiram_hiki_hitarha_hitabhi_hito_enus_hipar_hibhi_hirape_encase_enlaga_hihua_hihai_hikutte_hisirf_hibhaukte_hihi_enhai_hi,0,1,0,1,,,
2003,bibi_hiankhon_hise_hirape_enkerte_hihain_hikhusray_hikahein_hiky_hi,0,0,0,0,,,
2971,tum_hikaun_hihotay_hihumay_hiterrorism_enka_hikehne_hiwalay_hiapne_hiagent_enko_himaan_hinay_hise_hiinkaar_hikrdiya_hihai_hitmne_hiaur_hihumay_hibaatain_hisunatay_hiho_hi,0,0,0,0,,,
633,_hi,0,0,0,0,,,
1561,sir_enhum_hipiche_hiisiliye_hihai_hiki_hidesh_hika_hikanoon_hisahi_hinahi_hihai_hihar_hi26m_restme_enek_hirape_enhota_hihai_hibharat_hime_endail_hi,1,1,0,0,,,
2616,mahi_hitu_hikutte_hika_hibaccha_hinikla_hikya_hiyarr_himaa_hikasam_hijust_enhate_enu_enbhen_hike_hilaude_hiteri_himaa_hiki_hibhosdike_hi,1,1,1,1,,,
1756,teri_hibaari_hibhi_hiaayegi_hibeta_hikar_hile_hicomments_engande_hivelle_hilo_hi,0,0,0,0,,,
909,gaurilankesh_hike_higharwale_hiaur_hileftist_engoons_enne_hikerala_hime_endarzano_hihinduon_hiko_himara_hiunki_hibet_en,1,1,1,1,,,
3143,main_hikhush_hihu_hike_hiuski_hinafrat_enka_hiakela_hiwaris_hihu_himohabbat_hito_enunko_hibahut_hise_hilogon_hise_hihai_hi,0,1,1,1,,,
2364,acha_hichoro_hiapni_hiarmy_enko_hiroti_hidou_hiapni_hiawaam_hiko_hitoilets_hiaur_hiapni_hilarkiyo_hiko_hirape_ensey_hibachao_hihame_hiharr_hi,0,1,1,1,,,
3123,see_en50_restpublic_enpagal_hiho_higai_hibhukha_himar_hidete_hihai_hibomb_hidaltr_hihai_higharope_hiladkiyo_hika_hirape_enkarte_hihai_hi,1,0,0,0,,,
424,rukhsarr_hihina_hikal_hiinsta_enpe_hiaa_hijayegi_hiwaha_hitum_hilog_himinority_enbhi_hinhi_hiho_hisaare_hi,1,1,1,1,,,
1057,teri_hibhan_hidudh_hidindi_hisalyaa_hisanu_hidede_hirape_enkarn_hilyi_hiapni_hibhan_hi,0,0,1,0,,,
2411,yarr_hiduniyan_himein_hiajeeb_hio_higareeb_hilog_hirehty_hihain_hikhaamkhawaa_hinafrat_enkartey_hihain_hior_hiphir_hiblock_enkar_hidetey_hihain_hi,0,0,0,0,,,
1520,pak_hisare_hiterrorist_enjihad_hika_hinaam_hipahle_hilete_hihai_hibaad_hime_enmusalman_himeri_hibahen_hika_hirape_en,1,0,0,0,,,
682,ye_hinahi_hiho_hipayega_hiiske_hiliye_hiterrorism_enkhatam_hikaro_hi,0,1,1,0,,,
2749,inhi_hisupporters_enk_hikhoon_hipaseenay_hiki_hikamai_hiloottt_hikar_himian_hisb_hine_hilondon_enme_enflats_enbana_hiliyee_hio_hikoi_hisharam_hi,1,0,1,0,,,
2678,g778_resta_enk_hisingh_higalat_hik_hikhilaaf_hiawaaz_hiuthti_hirahegi_hibjp_hihatred_enfaila_hirahi_hi,1,0,0,0,,,
2015,vishal_hitumhari_hiaukat_higuy_enki_himoot_hipeene_hiki_hihai_hisale_higuy_enko_himata_himante_hihai_hifir_hiuska_hirape_enkarte_hihai_hi,1,1,1,1,,,
3195,bhadra_hiye_hiq_hirohan_hik_hisath_hihai_hii_enhate_enyr_hiajeb_hic_hihai_hi,1,1,1,1,,,
3190,dvn_himilke_hijab_hichhora_hichhori_hiki_himasti_hithodi_hithodi_hibas_hipyaar_hika_hinaam_hina_hilena_hii_enhate_enlove_history_en,0,1,1,1,,,
2319,twitter_enpar_hihum_hibhi_hi5_rest6_restsaal_hise_hihai_hikyun_hisuspend_ennahi_hihuwe_hihatred_enaur_hifake_hivideos_enor_hinews_enpost_enkaroge_hito_ensuspend_ento_enhonge_hihi_en,0,0,1,0,,,
3393,darze_hinai_hikehte_hidarje_hikehte_hiloruu_hisinghh_hina_hibolna_hiaata_hihai_hina_hiilkhna_higang_enrape_enki_hibirth_hihai_hitumari_hiyaqeenan_hihahaa_en,1,0,0,0,,,
462,rajasthan_hii_enlove_hibjp_hior_himodi_hipar_hiusse_hibhi_hijyada_hihate_envasundhara_hi,0,1,0,1,,,
3051,lagta_hihai_hibaba_hise_hitere_hikuch_hijada_hihi_enconnection_entu_hibhi_himafi_hideta_hitha_hikya_hibeti_hibol_hike_hibeti_hibolo_hiaur_hiphir_hirape_enkaro_hi,1,1,1,1,,,
426,aur_hihum_hipar_hiterrorism_enka_hilabel_enlagane_hiwale_hiduniya_hiache_hitarah_hijante_hihai_hiaur_hitu_hibhe_hiindia_enis_enthe_enmain_hibase_enof_enterrorism_en,1,0,0,0,,,
940,cheema_hisab_hiagar_hikoi_hipolice_enwala_hiwith_hipolice_enuniform_enkisi_hika_hirape_enkar_hiraha_hiho_hito_enus_hiko_hiagar_hikoi_hib_hiek_hiba_hi,0,0,0,1,,,
2516,samaj_hilenge_hiwoh_hibaby_enrape_enjoke_enke_hiliye_hiandar_higaya_hi,0,0,0,0,,,
986,bevkoofon_hiye_hirarhn_hinahi_hiaatankvad_hihai_hiterrorism_enhai_hideshdroh_hihai_hiisme_hitum_hilog_hidesh_hiki_hiproperty_enko_hinuksaan_hipahunchaoge_hi,1,0,0,0,,,
3321,aaj_hise_himain_hibhi_hiupma_hiko_hihate_enkarne_hilaga_hihoon_hidi_hiaap_himujhe_hikab_hitry_enkara_hirahi_hiho_hiapne_hihaath_hika_hibana_hiupma_hi,0,0,0,0,,,
577,bilkul_hiho_hirahi_hijaanch_hibhi_hiho_hirahi_hitum_hibhi_hibolo_hiki_hisapa_hiraaj_hime_enrape_enhota_hitha_hiaur_hifi_hi,0,0,0,1,,,
993,sanjay_hibhansali_hike_hithappad_hilagne_hipar_hihindu_hiterrorism_enbolne_hiwale_hiab_hikaha_hih_hidogle_hi,0,1,1,1,,,
2790,gud_enjob_enlage_hiraho_himodi_hiyogi_hike_hipiche_hisalary_enbadhti_hijaayegi_hiaapke_hibhai_hiko_hito_ennitish_hiji_hine_hirape_enkarne_hi,0,1,0,0,,,
868,kuch_hiansari_hijaise_hilog_hibahut_hibarso_hike_hishadi_hishuda_hihone_hike_hibawajood_hibhi_hitoh_himaze_hike_hiliye_hirape_enkarte_hihain_hi,1,0,0,0,,,
2995,behanchod_hipehle_hiterrorism_ento_enband_enkarlo_hi2_rest3_restbaar_hibheek_hidi_hiuske_hibaad_hibhi_hiharkato_hise_hibaaz_hinaahi_hiaate_hi,1,0,0,0,,,
1643,up_enme_enrape_enho_hiya_enbalatkar_hisab_hicmji_hiko_hisajish_hilagta_hihai_hi100_restlaye_hihai_hisirji_hiab_hijaldi2_hisajish_hipakad_hilenge_hibhagawan_hih_hi,0,0,0,1,,,
1025,han_hizainab_hika_hirape_enand_enmurder_entoh_hiafghaniyon_hinay_hihi_enkiya_hitha_hina_hisaaf_hisuthron_hiki_hishakal_hidekho_hi,1,0,0,0,,,
589,log_himusic_hime_enrap_enkarte_hihain_hiaur_hiye_hibhai_himusic_hika_hirape_enkrte_hihain_hi,0,1,0,1,,,
3365,we_endo_enappreciate_enbhai_hibut_enkabhi_hikabhi_hiachi_hifilmo_hiko_hibhi_hiaap_hirape_enkar_hidalte_hiho_hi,0,1,1,1,,,
2990,arya_hipappu_hika_hiye_hisaja_hiphansi_hise_hikam_hinahi_hi,0,1,0,1,,,
1328,nudes_enmangna_hior_hibhejna_hirape_enk_hibrabr_higunah_hiha_hi,0,0,0,0,,,
704,bhaajpaa_hike_histar_encampainer_ensh_hinarinder_himodi_hiko_hisaat_hikhoon_himaaf_hipar_hidussraa_hikoii_hikuchh_hibhi_hikahey_hitoh_himaryaadaa_himai_hiraho_hi,0,1,0,1,,,
37,cawnporiah_hibhai_hiaur_hihamera_hidesh_himein_hiyeh_hikaam_hiaap_hikae_hiparivar_hiwale_hikar_hirahe_hihain_hisanghis_hiand_enmusanghi_hi,1,0,0,0,,,
720,hamesha_hiabroad_enme_enrahne_hiwale_hihame_hisabhyata_himat_hisikhao_hinafrat_enko_hifailne_hiwale_hisinging_enme_enkuchh_hinahi_hiho_hiraha_hito_enpolitics_enki_hitaiyari_hi,1,1,1,1,,,
644,mohabbat_hitum_hise_hinafrat_enhai_hiepisode_hi11_rest,0,0,0,0,,,
688,you_enare_hitoo_enprosiac_enas_enwell_engrammar_ennazi_hibaat_hikarni_himujhe_himushkil_hikabhi_hiaisi_hitoh_hina_hithi_hi,1,1,0,0,,,
1349,kameena_hibaap_hinay_hibharat_himata_hika_hirape_enkar_hidiya_hi,1,0,0,0,,,
2826,kashmir_hiazaadi_hichahtah_hihai_hiterrorism_enapne_hiaap_hiband_enho_hijaye_higi_hisir_en,0,0,0,0,,,
2733,6_restdin_himai_hi8_restbadi_higang_enrape_enjis_himai_hise_hi1_rest5_restki_histudent_hithi_hi2_rest10_restki_histudent_hi3_rest12_restki_histudent_hithi_hiis_enbare_himai_hitweet_enkon_hi,0,1,1,1,,,
3013,taagi_hipadipoyina_hiamayini_hicheste_hirape_ene_hiavuddi_hi,0,0,0,0,,,
1604,sayss_enkoi_hilarki_hinazar_hiaajai_hiinke_hifrustrated_enlarke_hiwaheen_hishuru_hihojate_hihain_hiye_hibi_hiterrorism_enki_hihi_enek_hitype_enhai_hi,0,0,0,0,,,
1212,er_hipanda_hiek_hitaraf_hididi_hibol_hirahe_hiho_hidusari_hitaraf_hiusi_hididi_hika_hirape_enhone_hiki_hibaat_hikr_hirahe_hi,1,0,0,0,,,
190,bhai_hiterrorist_enke_hijanak_hibola_hijata_hipakistan_hiko_hiatankwaad_hito_en,0,0,0,0,,,
3134,sahi_hikaha_hiapne_hisir_enmagar_hikya_hikare_hiye_hiindia_enhai_hiyaha_hilogo_hiko_hicareer_enbanana_hihai_hijab_hiindia_enk_hiandar_hirape_en,0,0,1,1,,,
2792,tumne_hikyaa_hikiya_hidelhi_hike_hiliye_hiab_hipunjaab_hichale_higaye_hisaale_hirape_enhote_hihai_hidelhi_himain_hitu_hipunjaab_himain_himauz_hikarta_hihai_hi,1,1,1,1,,,
175,armaan_hiko_hibaarish_hime_enbighne_hik_hibaad_hiwala_hinahana_hinahi_hipasand_hithts_enwhy_enhe_enhate_enrain_en,0,1,1,0,,,
129,mawlana_hifarid_hiuddin_hial_himobarak_hijubokrai_restislamer_hijhanda_hihate_enegiye_hiashbe_hibengali_hivia_hi,0,0,0,0,,,
1236,news_enpakistan_hiitna_hipaal_hiposkay_hikhoon_hipasina_hiek_hikarkay_hiinko_hibhejta_hihain_hiaur_hiindian_enarmy_eninhay_hiek_hihi_enjhatkay_hima_hi,0,0,0,1,,,
3122,sri_hierrip_hithanani_hiki_hianthe_hileda_hiila_hianukune_hipalakollu_hilo_hilady_enchethi_hilo_hirape_enki_higuri_hiayyadu_hi,0,1,0,1,,,
1596,mydadalwayssays_enthat_enkisi_hise_hinafrat_enutni_hihi_enkaro_hike_himohabbat_hiki_higunjaish_hirahe_hi,0,0,0,1,,,
313,bhai_hihaste_hihate_engir_hipade_hithe_enham_hito_enmaza_hiaa_higayi_hiyaar_hikeep_enit_hiup_en,0,1,0,0,,,
544,mansoor_hiali_hiisko_hikehty_hihain_hijhalat_hiis_enchumpu_hik_hipory_hikhandan_hiko_hich_hinisar_hiis_enky_hisamny_hiphansi_hidai_hidy_hi,1,0,0,0,,,
6,azaadi_hik_hibad_hibhi_hikuch_hiesa_hikro_hipak_hihate_enfelane_hise_hito_enabdus_hisalam_hinhi_hibnte_hi,0,0,0,0,,,
2000,vampire_endushman_hika_hidushman_hidost_hihota_hihai_hina_hiwe_enboth_enhate_enour_en7_restphuphoz_hi,0,0,0,0,,,
1725,plz_enask_enmodi_hiji_hipunjab_hielection_enaa_higaye_hihain_hiek_hipose_enbhagat_hisingh_hik_hiphansi_hipar_hilatakne_hiwala_hibhi_hide_hidalein_hikhadimodified_rest,0,0,0,0,,,
2720,raju_hishri_hijaise_highatiya_hientertainers_enhote_hihai_hijo_hipaise_hiko_hiliye_hikisi_hibhi_hihad_hitak_hikisi_hiko_hibhi_hibol_hishkte_hi,1,1,1,1,,,
2241,ramjas_hiye_hi2_restharaamkhor_hirehte_hiyaha_hih_hiyaha_hiki_hihawaa_hime_ensaans_hilete_hih_hiyaha_hika_hinamak_hikhate_hih_hiyaha_hika_hipaani_hipeete_hih_hipar_hi,0,1,1,1,,,
2700,na_himinorities_enpe_hidrama_enbanta_hihai_hina_hihate_enaur_hibigotry_enpe_hidrama_enban_hiraha_hihai_hina_hipolitics_enpe_hidrama_enban_hiraha_hihai_hiaur_hina_hikisi_hiaur_hicheez_hipe_hi,0,0,0,0,,,
1261,ghulammustafa_hihakumat_hikhud_hidahshatgard_hihai_hiagents_enko_hipala_hihua_hihai_hilootmaar_hicrime_himurder_ense_himaal_hibanarahe_hihain_hi,0,0,0,0,,,
2775,sir_eng_restsamajhdar_hiaadami_hiwo_hihi_enh_hijo_hidoobti_hinav_hiko_hichod_hide_hikaha_hicongress_hime_enaaye_hifilmo_hime_enkya_hirape_enkaro_hi,0,0,0,0,,,
1375,terrorism_enpakistan_hime_enhai_hior_hifikar_hipuri_hiduniya_hiko_hihai_hipata_hinahin_hiinhe_hihamari_hifikar_hihai_hiya_enhumse_hidarte_hihai_hi,0,0,0,0,,,
2303,pak_hiteri_himaa_hiko_hirape_enkiya_hitha_himusalmano_hine_hitoh_hitu_himusalman_hibana_hihum_hiladte_hirahe_hipar_hiislam_hinahi_hikabool_hikiya_hitabhi_hi,1,1,0,0,,,
1479,khawar_hipore_hihate_entorkari_hilege_hichilo_hiar_hithumi_hihat_hiwash_hikoro_hinai_hiso_hithumi_hihatr_hishugran_hinicho_hiis_enur_hidp_en,0,0,0,1,,,
2960,rape_enke_hiaropi_hiyusuf_hiko_hiwha_hiki_hipolice_enbachane_hiki_hikosis_hikar_hirhi_hihai_hijo_hiki_hiek_hiblatkaari_hihai_hi,0,1,0,1,,,
2981,ye_hito_enkuch_hibhi_hinhi_hiinki_hiarrested_enmp_hitapas_hipal_hito_enopposition_enki_hiwomen_enki_hirape_enkarne_hiki_hidhamki_hibhi_hidete_hihe_en,0,1,0,0,,,
956,vj_hiare_hiyaar_hikabhi_hiwo_hibaba_hiji_hiko_hibhi_hiyaad_hikarlo_hina_hiasaram_hibapu_hiram_hirahim_hijaise_hipakhandio_hiko_hiinke_hihi_ensew_hi,1,0,0,0,,,
889,ek_higang_enke_hicrime_hise_hiterrorism_enprove_ennahi_hihota_hiagar_hihota_hito_enun_hine_hiban_hilagaya_hihota_hi,0,0,0,0,,,
871,aur_hiawaam_hiapni_hibetiyan_hirape_enkarwanay_hika_hiintezaar_hikaray_hiyehi_himatlab_hihai_hina_hiaapka_hi,0,0,0,0,,,
1927,kaha_higai_hiwo_himedia_enjo_hirape_enjasi_highatnaa_hiko_hisaalo_hichalate_hihai_hiek_hifauji_hiki_hifariyaad_hikoi_hikyu_hinhi_hisunta_hihai_hior_hikeval_hiofficer_ense_hidesh_hinhi_hichalega_hi,1,0,0,0,,,
2829,akhilesh_hidon_ent_hifeel_hibad_hibaap_hine_hisikhaya_hiladko_hise_higalati_hiho_hijati_hihai_hibhabhji_hiki_hichhedchhad_hihui_hihai_hirape_ennahi_hiakhilesh_hi,0,0,0,0,,,
2669,acha_hichoro_hiyaar_hitum_hilog_hijeeto_hiaur_hihazaar_hibaar_hijeeto_hisirf_hirape_encontrol_enker_hilo_hiyar_hihamain_hihaar_himazoor_hihai_hiwe_enwan_en,0,0,1,1,,,
464,roj_hiek_hirape_enho_hiraha_hihai_hikaha_higaya_hi56inch_restka_hisenaaa_hi,1,0,0,0,,,
2089,are_hiisko_hihate_enkyun_hikrti_hiho_hinew_ennew_ento_enaayi_hih_hibechari_hiisne_hiaisa_hikya_hikr_hidiya_hi,0,0,0,0,,,
223,aaj_hike_hineta_hibilkul_himosquito_enki_hitarah_hiho_higaye_hihai_hijo_hibhedbhav_hini_hidekhte_hibas_hijam_hikar_hikhoon_hichooste_hih_hi,0,0,0,0,,,
3378,abbe_hiisse_hikoi_himaaro_hibc_hiko_hiagr_hiitni_hihi_enfikar_hih_hito_enup_enm_enjo_hiitne_hirape_encases_enhuye_hiunhe_hirokne_hik_hiliye_hikuch_hiq_hini_hikrta_hi,0,0,0,1,,,
1762,hate_enzyada_hiya_enpyar_hijyada_hi,0,1,0,1,,,
3259,naqli_hitasveer_hivaale_hidaanishmand_hibhakt_himaharaj_himujhe_hihate_enmonger_enbulaane_hise_hipehle_hiaainaa_hidekh_hiliyaa_hihothaa_hijai_hihind_hi,1,0,0,1,,,
2519,jenni_hii_enhate_enthe_enwhole_enpicture_enaapko_higap_enki_hipadi_hihain_hiwaise_higaur_hikarne_hiwala_hibaat_hihain_hi,1,1,1,1,,,
691,nonsense13_restitna_histand_enun_hisab_hibahno_hike_hiliye_hilo_hijo_hiacid_enpidit_hih_hirape_enpidit_hih_hiunka_hidard_hisamjho_hij_hi,1,0,0,0,,,
951,bhai_hitension_ennahi_hileneka_hiye_himodi_hiwodi_hiaur_hiaur_hisare_hiselfie_enwale_hiapna_hihaq_hikho_hibethe_hihe_en,1,1,1,1,,,
1663,pyar_hinasha_hihai_hivideo_ensong_enhate_enstory_en4_restneha_hikakkar_hitony_enkakkar_hikaran_hiwahi_hivia_hi,0,0,0,0,,,
2330,bhai_hiagar_hiusse_hihate_enkarta_hihai_hitoh_hiignore_enkar_hinaa_hiuske_hirelated_enpost_enhatred_enkyoun_hibaraha_hiraha_hihai_hi,0,0,0,0,,,
2345,amurr_hipaisay_hinahi_hitoh_hielaaj_hinahi_hihoga_hiye_hib_hiek_hikism_hiki_hiterrorism_enhai_hi,0,0,0,0,,,
515,ab_hiyeh_hilog_hiterror_enban_hijayenge_hito_enmuslims_hikidar_hijayenge_hibhai_hiyahi_hiek_hidesh_hihai_himuslims_himuch_hibe_hibhonk_hisakte_hihai_hi,0,1,0,0,,,
1533,aaj_hisaarukh_hika_himanhoos_hichehra_hitv_hipar_hidikha_hitabi_hiindia_enhaar_higayee_hii_enhate_ensaarukh_hi,1,1,1,1,,,
1944,aur_histiil_ensah_hirhe_hihai_hijake_hisekho_hibangal_hiasam_hime_enkaise_himuslimo_hine_hijeena_hiharam_hikr_hirkha_hih_hihin_hi,1,0,0,0,,,
379,jatti_hii_enhate_enwhen_engadhe_hibehave_eninsaano_hiki_hitarah_hi,1,1,1,1,,,
571,j_hii_enhate_enbani_hipublic_enkyun_hiusse_hivote_hikarti_hihe_enpata_hinehi_hikoi_hiquality_ennehi_hihai_himujhe_hilagata_hiaap_hilog_hibani_hijaise_hiho_hi,1,1,1,1,,,
3292,delhi_higang_enrape_enk_hikamino_hiko_hiabhi_hitk_hijinda_hirkha_hih_hiaur_hiek_hiko_hito_ensudhar_hikendra_hibhej_hidiya_hiaur_hia_en,0,1,1,0,,,
603,uditraj_hi,0,0,0,0,,,
392,yahi_hitoh_himain_hiproblem_enhai_hitoh_hibas_hii_enhate_enhim_en,1,1,1,1,,,
2066,tum_hilog_hiterrorism_enband_enkardo_hibalochistan_himai_hiaur_hipakistan_hikai_hidoosray_hiprovinces_himai_hi,0,0,0,0,,,
2868,i_enhave_ento_ensay_hii_enhate_enkhud_himanu_hiuse_enkr_hiraha_hihai_hiaur_hiilzam_hibani_hipy_hilaga_hiraha_hihai_hisara_hiseason_enmanu_hiny_hiyhi_hikya_hihai_hi,1,1,1,1,,,
1011,chal_hina_higunda_himanvr_himanu_hika_hichamcha_hii_enhate_enm2_restpiche_hipiche_hichugliya_hikarta_hihai_himanu_hike_hisath_highar_higanda_hibna_hirak_hi,1,1,1,1,,,
938,khan_hibani_hike_hisath_higlt_hihuwa_hijab_hiki_hilota_hine_hiitna_hikuch_higlt_hibola_hibt_ensalman_hine_hiuse_enkuch_hikaha_hihi_ennhi_hifake_hilota_hii_enhate_enu_en,1,1,1,1,,,
83,haaye_hitab_hito_eni_enalso_enhate_enyou_enduniya_hime_ensabse_hizyaada_hiab_hibolo_hiaskbollymention_rest,1,1,1,0,,,
2294,aid_enduniya_himain_hikoi_hisabse_hijayda_hiachi_hikaum_hihai_hiwoh_hihai_hi,0,0,0,0,,,
372,to_enpyar_hihoga_hito_enhate_enhoga_hina_hiaeshi_hi,1,0,0,0,,,
1959,show_enrigged_enhai_hiaur_hishilpa_hine_hikya_hikiya_hiyaar_hijo_hiusko_hikaha_hijoota_hinikal_hike_himaruga_hito_enjoota_hibhi_hi,1,1,1,1,,,
1986,international_enmedia_enne_hisahi_hisurvey_enkiya_hiha_hik_hibharat_hime_enhr_en15_restmint_enme_enak_hiauret_hika_hirape_enhota_hiha_hiso_hiap_hik_hiba_hi,1,1,1,1,,,
374,rape_ento_enpakistan_hika_hihone_hiwala_hihai_higround_enpe_hibhai_hitu_hiapni_hijaan_hisambhal_hik_hikal_hiraat_hiko_higha_hi,0,0,1,1,,,
3258,virat_hibhai_hiagar_hihaar_hina_hihi_entha_hito_ensouth_enafrica_ense_hihaar_hijate_hipakistan_hiteam_hise_hiharne_hiki_hikya_hijarurat_hithi_hii_enhate_enyour_encaptaincy_en,1,1,1,1,,,
2834,ye_hitu_hisab_hiko_hipata_hihai_hirishi_hig_restkon_hiterrorism_enkarta_hihai_hitum_hilog_hi,0,0,0,0,,,
1318,2006_restav_hibarabanki_hirape_enpidita_hivia_hi,0,0,0,0,,,
729,gang_enrape_enor_hirape_enkarne_hiwalo_hik_hiliye_hiek_hihi_ensazaa_hiunka_hiling_hikaat_hidia_hijaay_hitabhi_hiyeh_hisab_himamle_hiband_enhonge_hi,0,0,0,0,,,
1833,jb_hiun_highatiya_hilogo_hine_hinavratri_hik_hidauran_hisaikado_hikanyao_hik_hirape_enkiya_hito_enaap_hiandaj_hilaga_hisakti_hihaiki_hiaanewala_hi,0,1,1,1,,,
924,singhh_hioberoi_himei_hisec_hi,0,0,0,0,,,
2225,usss_himai_hiyai_hilikha_hitha_hik_hirabia_hianum_hika_hirape_enbhi_hiimran_hikhan_hinai_hikiya_hi,0,0,0,0,,,
26,at_enleast_enapni_hina_hisahi_hiapnay_hipoorvajon_hiki_hijanam_hibhoomi_hise_hiitni_hinafrat_entau_hina_hikarain_hikapoor_hisaheb_hi,0,0,0,0,,,
656,5_restpushpa_hii_enhate_entamatar_hire_hibahut_himahnge_hihai_hitwistitup_rest,1,1,1,1,,,
3206,ham_hirape_ensirf_hipakistan_hika_hikarte_hih_hikatto_hiaur_hitumko_hihamse_hihi_enkarwane_hime_enmaja_hiaata_hih_hibhikhario_hi4_restko_hikaraya_hifir_hiaagaye_hi,0,1,0,0,,,
67,srk_hitu_hipahle_hitum_hijo_highar_hime_enrape_enkarte_hiho_hiuska_hirate_hibata_hi,0,0,1,0,,,
1807,priyank_hiki_himom_enko_hibhej_hinai_hisakte_hiyaar_hihate_endis_enshow_enbiased_restthey_enr_hiheartless_enpri_enki_himom_enko_hibhejte_hiyaar_higandagi_hikyu_hi,1,1,0,0,,,
1232,bhai_hiyeh_hisena_hitab_hikidhar_hithi_hijab_hiterrorist_enattack_enhota_hihai_hiyeh_hikidhar_hihoti_hihai_hijab_hibrutal_hirape_enhota_hi,1,0,0,0,,,
1814,sarwat_himuhajir_hibibi_hitumhaare_hidada_hihijrat_hikar_hike_hiaaye_hithe_entum_hinahi_hilegacy_hinahi_hihai_hiyeh_hik_hinaslon_hitak_hichale_hig_rest,0,1,0,1,,,
30,betay_hiabb_hipata_hichala_hibaap_hikaun_hihay_hikashmir_himay_hiterrorism_enbund_hihona_hichaiey_hiwarna_hijald_hihee_hiye_hihee_hihaal_hik_hi,1,0,0,0,,,
3150,hussain_hijab_hise_hisurgical_enstrike_hiki_hihai_hina_hitumhre_himujahid_hiki_higand_hise_hikhoon_hiniklta_hihi_enindia_enk_hibare_hime_ensoch_hik_hi,0,1,0,1,,,
569,koi_hiis_enbharway_hiko_hibtye_hik_hiis_enk_hitatti_hibharat_hika_hirape_enho_hira_hih_hi,0,1,0,0,,,
2943,valentine_enday_himananay_hiaur_hiterrorism_enkarne_hiwali_hi2_restintahaie_hihein_hiaur_hien_hidono_himein_hiitidal_hiacha_hi,0,0,0,0,,,
2717,ye_himaa_hibeti_hihamesha_hihe_enishwari_hiko_hibachate_hihe_enaur_hikhud_hihe_enphas_hihate_enhe_enkrpkab_hikuchrangpyarkeaisebhi_hi,1,1,1,1,,,
3409,bani_himom_enis_enmom_enbani_hifather_enis_enfather_enutna_hihi_enkaro_hikisiko_hijab_hikhub_hipe_hiaaye_hito_enjhel_hisako_hijst_enhate_enher_hi,1,0,1,1,,,
241,i_enhate_enbani_hilog_hikya_hikeh_hirahe_hihe_ensun_hibe_hiliya_hikaro_hiyebi_hitask_enkharab_hikardiya_hitune_hij_hi,1,1,1,1,,,
2081,ma_hiam_hiye_hiapne_hiek_hidum_hisahi_hikha_hihai_hilogo_hiko_hismajhne_hiki_hizarurat_hihai_hirape_ennetao_hike_hinai_hiho_hirhe_hih_hibharat_hiki_hinanhi_hipario_hik_hiho_hirh_hih_hi,0,1,1,0,,,
3270,6_resttons_enhate_enfor_hithose_enjinko_himonday_enko_hichuti_hihoti_hihai_hiaur_hiwo_hisubha_hisubha_hiuth_hik_hibethy_hihoty_hihain_hi,1,1,0,0,,,
2352,er_hipanda_hiteri_himaa_hiyaa_hibehen_hika_hitho_hirape_ennahi_hihua_hikya_hijo_hiitna_hibhok_hiraha_hihai_hi,0,0,0,0,,,
3373,ia_hii_enhate_endis_encondolences_enakhir_hikab_hitak_hiab_hiwaqt_hihai_hipahele_hiprotesters_hiki_hilegs_hime_engoli_himarne_hika_hijo_hijis_hibhasa_hiko_hisamjhta_hihai_hi,0,1,1,1,,,
1726,haan_hihm_hitilak_hidekr_hichhod_hidete_hihain_hijalate_hinahin_hihain_hiorton_hiko_hiya_enkisi_hib_hi,0,0,0,0,,,
2693,kyaa_hikiya_hihai_hidelhi_hime_enab_hitak_hicamera_enlgawaya_hiso_hithat_enrape_enhote_hihuye_hidekh_hisko_hirape_enrokne_hipar_hidhyaan_hilgao_hipm_enke_hipap_hipar_hinahi_hi,0,0,0,0,,,
2424,mcsc_hi1502_resthahahahahha_hifazool_himee_enlambi_hikarny_hika_hikiya_hifaida_himere_hibhai_hiwasey_hibohat_hiajeeb_hibaap_hihai_hiapni_hi,0,0,0,0,,,
283,hume_hibhi_hiwaisa_hihi_enlaga_hitha_hijab_hishriman_hirajyasabha_hina_hibheje_hijaane_hipar_hividhwa_hivilaap_hikar_hirahe_hithe_eni_enhate_enu_enkejru_hi,1,1,1,1,,,
876,vodkadiaries_en,1,0,1,0,,,
2547,40_restsaal_hike_himuslim_enne_hiek_hi4_rest5_restsaal_hiki_hibachhi_hika_hirape_enkiya_hiye_himuslims_hiki_hiinsaniyat_hiko_hidikhata_hihai_hiright_hiind_enwhat_enur_hiview_hi,1,0,0,0,,,
252,5_restbari_hinaamaaz_hipadthe_hiho_hiek_hibari_hibi_hialla_hiko_hikaha_hiterrorism_enband_enkar_hiva_hidho_hi,0,0,0,0,,,
315,really_enkuch_hibacha_hihai_himazaak_hiudaane_hiko_hiya_enhate_enk_hiliye_hismh_hi,0,1,0,1,,,
2208,nabeel_hi,0,0,0,0,,,
1867,rape_enaur_higundagardi_hipar_hibhi_hireport_ende_hido_enbhai_hikyonki_hiabhi_hibijliwala_hibans_hiho_hikal_hidjp_hiban_hijao_hi,0,0,0,0,,,
2742,bam_hibhuvan_hitu_hikabi_hisocial_hitopic_enlike_enaj_hikal_hiboys_enke_hiliye_hikoi_hilaw_ennai_higirls_enrape_enka_hijuta_hicase_enlagti_hihe_enboy_hi,1,0,0,0,,,
2186,magar_hiye_himedia_enwalay_hito_enjaan_hiboojh_hiker_hipaise_hike_hiliye_hisab_hikarrahe_hihain_hifitna_hijhoot_hibohtaan_hinafrat_enke_hibeej_hibona_hikiya_hinai_hikarhe_hi,0,0,0,0,,,
2876,sapai_himuwaje_hiko_hile_hiker_hina_hibole_hiyaad_hikare_hijab_hiakhilesh_hiher_hirape_enpidit_hiko_hifir_hiaur_hijanch_hiki_hibajay_hi2_restlaakh_himuwaja_hiki_highos_hia_enki_hithi_hi,1,1,1,1,,,
2716,sir_enji_hii_enam_hisure_enchillane_hise_hikuchh_hivalid_ennahi_hiho_hijata_hibut_eni_enam_himore_hisure_enki_hi,0,1,0,1,,,
1924,baniye_hika_hirape_enaur_hiamir_hibhai_hiki_hidaring_enct17_restct17final_restpakvsind_rest,0,0,0,0,,,
2511,sir_enchalti_hitrain_enm_enmuslim_enmahila_hika_hirape_enho_hijata_hihai_hiaur_hirape_enkaun_hikrta_hihai_hidesh_hika_hi,0,0,0,0,,,
2394,apki_hiager_hi35_restsaal_hiki_hibeti_hike_hisath_hirape_enhota_hihai_hito_enaap_hikya_hikaroge_hiap_hiphasi_hiya_ensirf_hisaja_hirape_enkis_hi,0,1,1,1,,,
2610,bhai_himai_hiaapke_hisath_hihu_hiaapne_hiunhe_hibanay_hihum_hito_enjante_hibhi_hinahi_hithe_enunhe_hiunki_hishakal_hidikhi_hito_ent_hiv_hiswitch_restof_enhate_enyou_ensunil_hiall_en,1,1,1,1,,,
1566,bhai_hisahab_hipura_hika_hipura_hikhoon_hinikal_hilena_hiaam_hijanta_hika_hikuchh_hinahi_hichhodna_hidiesel_enaur_hipetrol_enke_hibhav_hi100_restrs_hikar_hido_en,1,0,0,0,,,
1149,ophelia_hinidhi_hiaaj_hise_hitu_himeri_hidushman_hihate_enu_en,1,1,1,1,,,
1902,jitna_hitu_hiny_hiapna_hirape_enkrwaya_hihai_hizehar_hidal_hily_hiburger_enmai_hiaur_hikha_hija_hi,0,0,0,0,,,
2710,ek_hiara_hike_hibjp_hike_hijila_himahamantri_hish_hidhirendra_hisingh_hise_hisare_hiaam_hiroad_enchaap_hileader_hisurendra_hisingh_hior_hiuske_hibodyguar_hi,0,1,0,1,,,
2365,agar_hiapke_hibaap_hika_hinaam_hirajive_higandhi_hihai_hidadi_hika_hinaam_hiindria_higandhi_hihai_hito_enrape_enkaro_hiup_enmai_hibangla_himile_hi,1,0,0,1,,,
3067,innovation_enunake_hikhoon_hikae_hikatrae_hikatrae_himein_hihain_hi,0,0,0,0,,,
2625,tu_hikarwa_hisuwar_hiki_hiaulad_hihai_hisuwar_hine_hirape_enkiya_hitha_hiteri_hiammi_hika_hiapni_hisoch_higandu_hiallahchodi_hi,1,1,1,1,,,
3417,brk_enbhai_hianti_hiromeo_hisquad_enphle_hihi_endin_hibanaya_higaya_hiaur_himulayam_hisingh_hiyadav_hine_hikaha_hi,1,0,0,0,,,
1388,school_enme_enjbran_hiislam_hikabul_hikarvane_hipar_hichup_hiaur_hivabdematarm_hipe_hijaise_hikisi_hika_hirape_enho_higaya_hiho_hivaise_hibehaviour_enkarte_hihai_hi,0,0,0,0,,,
2251,agar_hitumhare_hisath_hirape_enho_hijaye_hito_entumhare_hifather_enkya_hikarenge_hi,0,0,0,0,,,
2560,bhaiya_hijalore_hisay_hipaani_hichla_higaya_hiab_hikyu_hijaa_hirahe_hiho_hippl_enhate_enyou_enthere_en,1,1,1,1,,,
328,bol_hiti_hiband_enho_higai_hihate_enspeech_enkia_hihoti_hihai_hime_enbatao_hinumber_hito_endo_enapna_hi,0,0,0,0,,,
2133,ma_hivasno_hidevi_hike_himandir_hijane_hise_hisare_hipaap_hikat_hihate_enh_hiaur_himan_hiko_hisaanti_himulti_hih_hijai_himata_hidi_hid_restkumar_hip_hi,0,1,1,1,,,
448,ayecarry_entujhe_hipta_hiki_hikatta_hikya_hihota_hiavi_higujjar_hike_hirape_ense_hiphele_hi,0,1,0,0,,,
3360,vishal_hiagar_hirape_enka_hicomment_enpadkar_hithodi_hisi_hibhi_hisharm_hiati_hihogi_hituje_hiapne_hilogo_hipe_hito_en,1,1,1,1,,,
2426,delhi_hirape_encase_enka_hitumne_hikya_hikar_hilia_hitha_hiwo_hidickshit_hikya_hikar_hirahi_hithi_hi,1,0,0,0,,,
3196,sharam_hikaro_hiapni_hibaap_hiko_hihate_enless_enkarty_hiho_hiout_enbath_hikarte_hiho_hiislam_hiki_hi,1,1,0,0,,,
870,_hi,1,0,0,0,,,
2510,memon_hislam_higernol_hisahb_hiko_hii_enlove_hipak_hiarmy_enbut_eni_enhate_endictator_enjo_hibhi_higuzray_hihen_hijis_hine_hibhi_hiapne_hi,1,0,1,1,,,
1336,humor_entu_hikitna_higawar_hihai_hibc_hiilliterate_enbhi_hibola_hiaur_higawar_hibhi_hibadve_hinikal_hiab_hisrk_hichutiya_hihai_hi,0,0,0,0,,,
479,shafiq_hikaleem_hi,0,0,0,0,,,
1481,_hi,0,0,0,0,,,
2084,puneesh_hiis_enreally_envery_enbad_hiperson_eninsaniyat_hi,0,0,0,0,,,
2164,gujarat_hibjp_hike_hikaryakarta_hine_hirape_enkiya_hihe_envo_hikhabar_hichala_hiapni_hinews_enpar_hidesh_hiki_hikhabar_hibata_hinaliyakand_hike_hibare_hime_en,1,1,1,1,,,
599,mr_hibull_enrapist_enkya_hihua_hibulls_enne_hirape_enkiya_hi,0,0,0,0,,,
2553,dr_hi,0,0,0,0,,,
3064,me_enkitnay_hibhi_hikhi_hiwaalo_hise_himila_hihu_hithey_enhate_enah_hiand_enfarooq_hisattar_hietc_en,0,1,0,1,,,
715,sir_enpt_hiusha_hibhi_hiek_hildki_hihai_hiplz_enap_hisbse_hiphle_higirls_enko_hirape_ense_hibacha_hilo_hijisse_hikai_hisari_hipt_hiusha_hiapn_hi,0,0,0,0,,,
736,sir_enaaj_hika_hibhartirape_restbhi_hiterrorism_enmein_hiaata_hihai_hikia_hipakvsind_resticcchampionstrophyfinal_en,0,0,0,0,,,
2628,punch_enwaah_hihate_enhim_enor_hilove_hihim_enyou_encan_ent_hiignore_enhim_enbaar_hibaat_hidekha_hina_hitrailer_enkaash_hit_hi,0,0,0,0,,,
3182,justicefornaqib_enye_hirape_encase_enbacho_hibarna_hibegunah_hiko_hipolice_enmuqablo_himain_himarwana_hiye_hibaruni_hihat_himulavis_hihain_hior_higov_enko_hib_hisab_hipata_hihai_hi,1,0,0,0,,,
2358,ab_hitak_hito_enlag_hirha_hih_hicenturi_hilag_higya_hihoga_hirape_enka_hitumra_hidub_himaro_hitum_hisharm_hise_hi,1,0,0,1,,,
191,chowk_hime_enjote_himarne_hise_hipehly_hijo_higuest_enhouse_enme_enrape_enho_hikr_hiqatal_hihui_hihn_hiunka_hiqatil_hipakar_hilo_hi,0,1,1,0,,,
1936,abb_hiterrorism_endhk_hirha_hiha_hidhamki_hikhud_hihi_enkhud_hiko_hidata_hiha_hior_hinaam_hihamara_hibad_hinaam_hi,0,0,0,0,,,
288,adi_hikyun_hiaap_hilog_hipadmavt_hiko_hihi_entarget_enker_hirahe_hiho_hiporkistan_enroj_hisiezefire_hitod_hiraha_hitab_hikoi_hi,1,0,0,0,,,
2963,alhumdulillah_hiwe_enlove_hikhan_hior_hiha_hi40_restsaal_hisay_hijo_hilog_hiparliament_enkay_hisath_hirape_enker_hirahey_hihai_hiuska_hibhe_hijawab_hidai_hido_enpehlay_hi,0,1,1,1,,,