ID,Tweet,True Label,BERT 22,BERT 9,BERT,,Model vs Model,T test
1561,bachhe_hiachha_hinahi_hikhele_hihai_hi_otinzy_hi,0,0,0,0,,BERT 22 vs BERT 9,0.0003923702936
1916,sirjee_hicriminals_ense_hidikkat_hihai_himujhe_hito_hi_otgender_ennahi_hidekhti_hiunka_hi_otmardon_hike_hibaare_himein_hibolne_hiko_hibohot_hihain_hi,0,0,0,0,,BERT 22 vs BERT,0.2925051114
2390,poore_hi5_otminute_ensuni_himaine_hirahul_otgandhi_otki_hispeech_en_ot_otsangakkarapic_hi_ottwitter_en_otcom lpujnssllk_hi,1,1,1,1,,BERT 9 vs BERT,0.00587598043
270,mahila_hidomestic_enviolence_enki_hisikar_hiho_hiprofession_enmae_hibadhna_hichati_hiho_hiunke_hiliye_hiwomen_enhostel_enki_hisuvidha_hidi_hijye_hi,0,0,0,0,,,
153,sir_en_otpyaar_hika_hipunchnama_hi2_otrelease_enhue_hi1_otdin_hiho_higaya_hihai_hi_otreview_enkab_hidoge_en_otaaj_hishaam_hiko_hidost_enlog_hiplan_enbana_hirahe_hihai_hi,1,1,1,1,,,
530,_ot_otpandit_higopabandhu_hidas_hi_othe_hialso_enstarted_ensatyavadi_hibana_hividyalaya_hiopen_ento_hiall_encaste_ennear_enpuri_hi_ot,0,0,0,0,,,
2333,shahrukh_hikhan_hifair_en_otlovely_enlaga_hike_hibaadshah_hibana_hitha_hi_ot,1,1,1,1,,,
1328,bikash_hiki_hibat_hibihar_hime_hitab_hitak_hinahi_hiho_hisakti_hijab_hitak_hibihari_hicaste_enko_hinahi_hichorte_hi_otchote_hitapke_hiko_hithes_hipahuchana_hinahi_hichorte_hip_hi_otm_himodi_otbhi_hinahi_hi,0,0,0,0,,,
1543,ye_hidhai_hikilo_enka_hihaath_hijab_hikisi_hipe_hipadta_hihai_hina_hi_ottoh_hi_ot,0,0,0,0,,,
1511,bhai_hisamosa dena_ot_ot_ottumlog_hidikh_higaye_hiaudience_enmein_hi_otaaj_hiki_hiraat_hihai_hizindagi_hi_ot,1,1,1,1,,,
1130,kumkum_hibhagya_hi_otaansoo_hi_ot,0,0,0,0,,,
2958,hamara_hidesh_hibhagwan_hibharose_hichal_hiraha_hihai_hiaur_hihum_hiuske_hinaam_hipe_hilad_hirahe_hihai_hi_ot,0,1,1,1,,,
974,yeh_hiaccha_hihai_hi_otlogo_enke_hipaas_hitweets_ennahi_hihote_hito_hikoi_hibhi_hipoll_enbana_hidete_hihai_hi_ot,1,1,1,1,,,
928,celebsintheirpastlives_otkumar_envishwas_hiwas_enshikhandi_hi,0,0,1,1,,,
3153,beef_enkhane_hike_hiliye_hipakistan_enjaane_hise_hipehle_hizomato_hipar_hirating_enzarur_hidekh_hilena_hi,1,1,1,1,,,
805,bandya_hitaaki_hibharli_hikaa_hi_ot,0,0,0,0,,,
2380,sanjay_hileela_enbhansali_hiannounces_endevdas_hi2_otstarring_enranveer_hisingh_hi_otdjokovicdeepika_ot,1,1,1,1,,,
344,return_engift_enme_hiyoutube_hika_hilink_en_otdekh_hitere_hisansaar_hiki_hihaalat_hikya_hiho_higayee_hibhagwaan_hi_otkitna_hibadal_higaya_hiinsaan_hi,1,1,1,1,,,
3212,jitna_hipyaar_hiindia_ense_himatch_enke_hidin_hikarte_hihain_hi_otutna_hibaaki_hidin_hibhi_hikarte_hi_otto_hidesh_hiki_hiye_hihaalat_hinahi_hidekhni_hipadhti_hi,0,1,1,1,,,
1871,is_hiprince_enmadarchod_hiko_hikoi_hito_hichoose_enkaro_hi_ot,0,0,0,0,,,
968,aur_hibhi_higam_hihai_hiduniya_himein_himohabbat_hike_hisiwa_hi_otdaaru_hike_hipaise_hi_ot,1,1,1,1,,,
715,srk_hi_otanna_hine_hiye_hipyar_hika_hinaatak_himere_hisaath_hibhi_hikhel_hichuka_hihai_hidost_en_otunforgettable_ot,1,1,1,1,,,
652,ho_higaya_hipakistaniyo_hitumhara_hifake_enbday_hicelebration_en_otab_hidekhna_hikal_hiindependence_enday_enkaise_himanaya_hijaata_hihai_hi,1,1,1,1,,,
2893,wicket_enlena_hicongressmuktbharat_otse_hibhi_hizyada_hizaroori_hiab_hi,1,1,1,1,,,
3107,not_enbragging_enbut_enkal_hirang_hi_otpanchami_hiki_hichutti_hihai_hibhopal_enme_hiyay_ot,0,1,1,1,,,
1181,rich_enguy_en_otmere_hipaas_higlen_enhai_hi_otjd_enhai_hi_otblack_enlabel_enhai_hi_otdewars_enhai_hi_ottumhare_hipaas_hikya_hihai_hi_otpoor_enguy_en_otmere_hipaas_hi_otmere_hipaas_hi_otold_enmonk_enhai_hi_otftw_ot,1,1,1,1,,,
1935,hahaha_hiye_hilo_hi_otfor_ena_enchange_enmai_hiromance_enki_hibaat_hikar_hirahi_hihu_hiaur_hitum_hiviolence_enki_hi,0,0,0,0,,,
3009,vrna_hiaap_highosna_hikr_hidijie_hik_hiis_hidesh_hime_higarib_hihone_hika_hiadhikar_hisirf_hilower_encaste_enwalo_hiko_hih_hi_otgeneral_enwale_hito_hiameer_hihi_hipaida_hihote_hih_hi_ot,0,0,0,0,,,
2200,_ot_otsir_enkal_himeri_hidilli_hiwali_hitrain_enchhoot_higayee_hithi_hiraat_hiko_hi_otnahi_hito_hiaapke_hibagal_hiwali_hiwindow_enseat_enpe_hibaitha_hihota_hiabhi_hi,1,1,1,1,,,
642,unfollowers_hise_hidaro_hinahi_hi_otharaam_hike_hipillo_hiko_hikhoj_hikhoj_hise_higoliya_himaar_hido_hi,1,1,1,1,,,
1189,_otpehle_hijahan_hikuch_histates_enmein_hicrf_hi17_otcaste_enthhi_hi_otab_hi40_otto_hi50_ot_ot1_otseat_enk_hiliye_hi17_otki_hijagah_hi40_otya_hi50_otlog_hi_ot,0,0,0,0,,,
2270,kaun_hinayi_hiladki_hi_otzara_enmujhe_hibhi_hitoh_hihandle_enmalum_hichale_hi,0,1,1,1,,,
1117,andheri_hiraaton_himein_hisumsaan_hitl_enpar_hi_othar_hiaafat_hifailaane_hiko_hi_otek_himessiah_ennikalta_hihai_hi_otjisse_hilog_hi_otkehte_hihai_hi,1,1,1,1,,,
3208,umesh_hiyadav_hibhosdike_hi_ot,0,0,0,0,,,
52,popcorn_enbhi_hikhatam_hiho_higaya_hi,0,0,0,0,,,
2677,_ot_ot_otjab_hitak_hipublic_encaste_en_otreligion_en_otstate_enke_hibasis_enko_hidesh_hise_hijyaada_hiimportance_endegi_hi,0,0,0,0,,,
541,khabar_hihai_hiki_hiashutosh_hiji_hinayantara_hisahgal_hise_hiinspire_enho_hike_hijosh_enmein_hiapna_hi10_otrupaye_hika_hicoupon_enparchoon_hiwale_hiko_hiwapas_hilauta_hirahe_hihain_hi_ot,1,1,1,1,,,
1569,hatao_hiyaar_hi_otmatar_hipaneer_hipe_hiconcentrate_enkaro_hi_ot,0,0,1,1,,,
66,maan_hisaab_hida_hi_otishq_hide_himaari_hive_himain_hijhali_hihogayi_hi_otaih_hibhull_higaye_hi_otfemale_engender_enhai_higane_hida_hi_ot,0,0,0,0,,,
1417,dard_hidilon_hike_hikam_hiho_hijaate_hi_ottwitter_enpar_hiagar_hipoetries_enkam_hiho_hijaate_hi_ot,1,1,1,1,,,
926,koi_hibaat_hinahi_hi_otbaazi_hipalat_hisakti_hihain_hi_otkoi_hibaat_hinahi_hi_otyou_engo_engirl_en_otyou_en_otve_higot_enthis_en_otpvsindhuforgold_otolympics_ot,0,0,0,0,,,
1254,ek_hibari_hiho_higaya_hiaur_hiek_hipe_hito_hicase_enhi_hinahi_hichalapic_hi_ottwitter_en_otcom q7tw68e6as_hi,0,0,1,0,,,
849,virat_otbe_hilike_en_otisse_hipehle_hiki_hiye_hisaala_hirun_enout_enkarwaye_hiek_hi_otdo_hichauke_hichhakke_himai_hibhi_himaar_hiloon_en_ot,1,1,1,1,,,
2209,salman_hiki_hiex_enpar_hikabhi_hisandeh_hinahi_hikarte_hi_otkabhi_hibhi_himaat_hide_hisakti_hihai_hi_ot,1,1,1,1,,,
1834,_ot_ottum_hi_otbhai_hijosh_enme_hitypo_enho_hijaate_hihai_hi_oti_hiunderstand_en_otchill_enmaar_hibe_hi_otye_hisab_hito_hichalta_hihi_hirehta_hihai_hi,1,1,1,1,,,
2222,naam_hi_otviv_enrichards_enbaap_hika_hinaam_hi_otmaster_endinanath_hirichards_enmaa_hika_hinaam_hi_otsuhasini_hirichards_engaanv_hi_otmandva_hi_otremains_enin_hiviv_en_ots_hidrafts_en,1,1,1,1,,,
3343,kya_hitumne_hikabhi_hikisise_hipyar_hikiya_hi_otaur_hiusne_hitumhe_hichutya_hikiya_hi_otmujhe_hibhi_hikiya_hi_otlalalalalalala_ot,1,1,1,1,,,
3388,bajrangi_hibhaijan_hiko_hitaaron_hike_hineeche_hise_hipakistan_ennahi_hijana_hipadta_hiagar_hiunhone_hibarkha_hidutt_hiko_hiapproach_enkiya_hihota_hi_ot,1,1,1,1,,,
1073,sir_en_otsunne_himein_hiaaya_hihai_hike_hiaap_hipar_hijoke_enmaaro_hitoh_hirt_enmilegi_hi_otaisa_hihai_hikya_hi_ot,0,1,1,1,,,
1028,kyu_higaali_hide_hirahe_hiho_hi_otkaunsa_hipakistan_hise_himatch_enhai_hibhenchod_hi_ot,0,1,1,1,,,
2980,na_hisadak_hina_hivikas_hi_otsirf_hiandhvishwas_hiyonitishsotantrik_ot,1,1,1,1,,,
1718,rakh_hihimmat_hi_otbas_hichalde_hi_ot,0,0,0,0,,,
2208,radhika_hiapte_hi_otkareena_hikapoor_hi,1,0,0,0,,,
1045,mordernmeaning_ot_otgharelu_hiladki_hi_otjo_highar_hipar_hiaakar_hidegi_hi_ot,1,1,1,1,,,
2504,match_endekhna_histart_enkiya_hito_hiabd_hiout_enho_higaya_hi_ot,0,0,1,0,,,
241,no_envoter_enin_hiindia_enis_hiunaware_enof_enhow_encaste religion_hiis_hiused_enfor_envotebank_hi_otram_otmandir_hiin_hiup_en_otshivaji_himaharaj_hiki_hijai_hiin_himaharashtra_en,0,1,1,1,,,
1137,daily_ensoaps_enmein_hisirf_himaal_hihi_hiacche_hihote_hihai_hi_ot,1,0,1,1,,,
662,joke_enpehle_hitwitter_enpe_hipadho_hi_otphir_hifb_hipar_hijab_hiaapka_hibhai_hiuse_hitaap_hike_hichipkaye_hi_otlike_enkaro_hi_otphir_hiwa_enpar_hichachaji_hibheje_hito_hibhejo_hisuchislife_ot,1,1,1,1,,,
2843,judaa_hihoke_enbhi_hitu_himujhe_himein_hikahin_hibaaki_hihai_hi_otwhy_enbitch_en_ot,1,1,0,1,,,
730,gandhi_otbaba_hiaisi_hichhutti_hikarwane_hika_hikya_hifayda_hijis_hidin_hidaroo_hiki_hidukan_hihi_hiband_hiho_hi_ot,1,1,1,1,,,
2506,qatar_enand_enkazakhstan_en_othandball_ottennis_otolympics_otrio_otrio2016olympics_otolympics2016_otopeningceremonyrio2016pic twitter com dkytby3wxy_ot,0,0,0,0,,,
1793,kya_hikismat_hihai_hilogo_enki_highar_hibaithe_himatch_endekh_hirahe_hihai_hi_othamari_hipoori_hicompany_enme_hiek_hitv_enbhi_hinahi_hihai_hi_ot,0,1,1,1,,,
1920,ueh_hitoh_hikuch_hibhi_hinhi_hih_hi_otkuch_hicaste_envale_hilog_hibhi_hih_hijo_hibol_hirahe_hih_hi_otdekhlo_hihamari_hicaste_enki_hih_hi_otlol_hi,0,0,0,0,,,
1584,koi_hibaat_hinahi_hi_otpakistan_enki_hito_himaari_hithi_hina_hihum_hilogo_enne_hi_otchill_en_ot,0,1,1,1,,,
2128,be_hisomeone_en_ots_hi_otbhai_hiagar_hikoi_hitujhe_hikuch_hikahe_hito_hiboliyo_hi_otmaa_hichod_hidenge_hibhosdike_hiki_hi_ot,0,1,1,1,,,
1413,bhai_hi_otkisi_hiko_hikhareed_hilo_hiyaar_hi_otye_hibest_enstriker_enhai_hifrom_enindia_hi_otpic_hi_ottwitter_en_otcom povfodcxoy_hi,0,1,1,0,,,
1674,yahi_hiover_enhai_hi,0,0,0,0,,,
1722,dukh_himein_hikoi_hisaath_hinahi_hideta_hi_otapne_hibhi_higaand_hidikha_hidete_hihai_hi_ot,0,1,1,1,,,
1183,arre_hikhali_hipuch_hirahi_hihu_himain_hi_otsirf_hisurname_enhone_hise_hihi_hiwo_hihi_hicaste_enke_hithodi_hiho_hijate_hiho_hitum_hi_ot_ot_ot_ot,0,0,0,0,,,
2797,real_enestate_enso_encostly_enki_hidahej_himain_himaangne_himain_hibhi_hisharam_hia_enjaaye_hi_ot,1,1,1,1,,,
417,he_hi_otmain_hitumhare_hiliye_hichaand_hitod_hilaunga_himoon_en_otgandu_hi_othaath_hitoh_hilaga_hike_hidikha_hi_ot,1,1,1,1,,,
1556,judge_en_otaap_hiindian_enidol_enmein_hikyu_hiaana_hichahte_hiho_hi_otkyunki_hibhosdike_himujhe_hiroadie_enbanna_hihai_higaana_hithode_hihi_higaana_hihai_hi,1,1,1,1,,,
882,ek_hitoh_hiwapas_hismith_enko_hicaptain_enbanao_hi_otwatson_enpanauti_hihai_hisala_hi_ot,1,1,1,0,,,
1354,aamir_hiki_hi9_otaur_hiumpire_enki_hi2_otballs_enbach_higayi_hi_ot,0,0,0,0,,,
1280,ganga_hiki_hisafai_hiabhijan_hichale_hina_hichale_hi_otkhood_higanga_hizaroor_hiban_higaye_en_otgender_enbhi_hinahi_hidekha_hirahulexposescorruptmodi_ot,0,0,0,0,,,
2540,bhai_hi_otaaj_hitere_hichutiyaape_hise_hibohot_hirts_himile_hi_otpls_hiroz_hiroz_hikare_himychoice_ot,1,1,1,1,,,
1705,aee_hichorri_otmere_hipe_himeme_hibanana_enband_hikar_hi_ottwitter com qzbzbachle_ot,0,0,0,1,,,
409,sarfaraz_hine_hiaaj_hibhi_hidhokha_hinahi_hidiya_hijaggu_hi_ot,1,1,0,0,,,
1909,_ot_ot_otbhai_hitu_hihamesha_hipehle_hiungli_hikarta_hihai_hiphir_hipehle_hirota_hihai_hi_otpakka_hikejruwal_hisupporter_enhai_hitu_hi_ot,1,1,1,1,,,
2697,our_enu19_hiwicket_en_otkeeper_en_otkya_hibat_hihai_hikya_hibat_hihai_hibhaiyon_hibahut_hibadhiya_hibhaiyo_hibahut_hibadhiya_hiyaar_hi_ot,1,1,1,1,,,
1289,kashmir_enhamara_hihai_hi_ot,0,0,0,0,,,
103,hamein_hiaur_hijeene_hiki_hikhwahish_hihoti_hi_otagar_hitum_hina_hihote_hi_ot,0,0,0,0,,,
3349,500_otbanayenge_hiye_hiharaami_hilog_hi_ot,0,0,0,0,,,
3170,isiliye_hito_hihimmat_hihoti_hihai_hi_otjab_hitak_hijanta_hinahi_hinakaregi_hicaste_enreligion_enke_hinaam_hipar_hivote_enkarna_hitab_hitak_hiyehi_hichalta_hirahega_hi,0,0,0,0,,,
2080,arey_hiuska_hisirf_hinaam_hicheeseburger_enhota_hihaipic_hi_ottwitter_en_otcom qtxd5f21eo_hi,1,0,1,1,,,
1383,_otevaraina_hikhamma_hicaste_enpersonalities_enkooda_hijanasena_hilo_hivunte_himee_hiparty_enki_hiadvantage_enjagapathi_hibabu_hileda_hijayaprakash_hinarayana_hi_ot,0,0,0,0,,,
1345,bol_hiraha_hihai_himere_hisaath_hidebate_enkarega_hi_otmuh_hikhulta_hinahi_hi_otaaya_hibada_hidebate_enkarne_hiwala_hi_otpic_hi_ottwitter_en_otcom ztgqrcdhhu_hi,0,1,1,1,,,
2919,ek_hicbi_hiraid_ento_histeve_ensmith_enke_highar_hibhi_hibanti_hihai_hi,1,1,1,0,,,
1452,2_ot_ot4_otko_hito_hinehra_hiji_hiapni_hismile_ense_hihi_hiout_enkar_hidenge_hi_ot,0,1,1,1,,,
3412,_otadhe_hithaan_hibihar_hila_hiipo_hiaachi_himajority_enku_hicaste_enmukkiyam_hi_ot,0,0,0,0,,,
1813,kaun_hise_hiindia_hime_hijee_hirahe_hiho_hibhai_hitum_hilog_hi_ot,1,0,0,0,,,
1866,kya_hibum_enhai_hijis_hiko_hichupa_hirahi_hiho_hi_ot,0,0,0,0,,,
1902,song_en_otbhar_hide_hijholi_himeri_hi_otyaa_himohammed_hidedicated_ento_hi_ot_ot_ot_ot_ot_ot,0,0,1,1,,,
2456,beta_hishaadi_hikarlo_hi_othamara_hibhi_hilucknow_enka_hichakkar_hilag_hijayega_hi_otaunty_hiticket_enmain_hikara_hideta_hihun_hi_otapne_hichakkar_hike_hiliye_himeri_hilife_enna_hibigado_hi_ot,1,1,1,1,,,
3092,ghaseet_highaseet_hikar_hileke_hijao_hisabko_hisnapchat_hipar_hi_otwaise_hibhi_hitwitter_enzyada_hihi_hibhar_higaya_hihai_hi_ot,1,1,1,1,,,
2585,bhaiya_hi5_otrupye_hika_hisense_endena_hi_ot,1,0,0,1,,,
2323,ram_otkapoor_hi_otmeri_hibiwi_himujhe_hibol_hirahi_hihai_hiki_himeri_hijaan_hile_hilo_hi_otall_enmarried_enman_hi_otbhencho_hiwhat_enare_hiyou_enwaiting_enfor_en_ot,1,1,1,1,,,
2916,ek_hito_himahindra_hiwalo_hiko_hibilkul_hisharm_hinahi_hiaati_hi_otpehle_hixylo_hiaur_hiab_hiye_hituv300_hijaisi_himaha_hibadsoorat_higaadiya_hibanate_hirehte_hihai_hichutiye_hisaale_hi,1,1,1,1,,,
458,imtiaz_hiali_hiand_ensanjay_hileela_hibhansali_hito_hicaste_endeepika_hiin_hitamasha_hiand_enbajirao_himastani_hi,0,0,0,0,,,
1936,ftii_hiand_ennow_engujrat_hi_otkejriwal_otab_hianarchy_enkarte_hinahi_hikarwate_hihain_hi_ot,0,1,0,1,,,
979,mumbai_hika_hidon_hikaun_hi_otrohit_otsharma_hiindvsaus_ot,0,0,1,0,,,
1948,deepika_hipadukone_hiki_hiyaad_hiaa_hirahi_hihai_hi_ot,0,0,0,0,,,
2316,woh_hichote_hicaste_enka_hihai_hi_ottiredofhearingthat_ot,0,0,0,0,,,
801,_otsanjeev_hikapoor_hidrinking_enwater_en_ot_ot_otwaah_hikya_hiswad_hihai_hi_otmuh_himein_hipaani_hiaa_higaya_hi_ot,0,1,1,1,,,
44,tumse_hi4_otbaatein_hikya_hikar_hili_hiaapne_hihumein_hiapna_hideewana_hisamajh_hiliye_hi_ot,0,1,0,1,,,
419,_otsansad_hiki_hicondition_enbhi_hicountry_enki_hiwomen_enjaisi_hiho_higayi_hihain_hi_otkehne_hiko_hito_hidevi_enhain_hipar_hiroz_hidomestic_enviolence_enka_hisikaar_hihoti_hihain_hi,0,0,0,0,,,
2564,kisi_hisasti_hicompany_enka_hiiphone_hidikha_hido_hibhaiya_hi,1,0,0,0,,,
1273,_ot_otle_hibhai_hipadh_hile_hitwitter com 0xq2tjdtis_ot,0,0,0,0,,,
2038,akhand_hichutyaap_hideva_enbhavo_hi,0,0,0,0,,,
2286,bhai_hiraina_hitera_hiho_higaya_hiho_hito_hiyuvi_hiko_hibatting_enkarne_hide_hi,1,0,0,0,,,
1158,_otjisey_hishadi_hikr_hiraha_hiuska_hicaste_enb_hinhi_hipata_hitujhe_hi_otbhak_hi_otmangalore_hise_hihu_himei_hi_otshakti_hishetty_hiki_higaav_hiwali_hi,0,0,0,0,,,
1440,leo_othmari_hisociety_engender_enbased_enhai_hiyahan_hiachay_hiburay_hiki_hibjaye_hiaurat_himard_himain_hitafreek_hihoti_hihai_hiadmi_hiaurat_hiki_hitazleel_hikr_hiskta_hihai_hi1 2_ot,0,0,0,0,,,
1680,aaj_hikoi_hibhi_hijeet_hilo_hi_otworld_encup_ento_hiindia_enhi_hijeetegi_hi_otnzvsa_ot,0,0,1,1,,,
894,bhenchod_hi10_otrs_enki_hithums_hiup_enke_hiliye_hihelicopter_enleke_hisalman_hikhan_hihi_hijaa_hisakta_hihai_hi_ot,1,1,1,1,,,
77,sahi_hime_hiup_enke_hilog_hiitte_hibade_hivale_hidhakan_hikyun_hihai_hi_otkab_hitak_hicaste_enpolitics_enhogi_hiyaha_hi,0,0,0,0,,,
2572,sir_en_ot_otho_higaya_hito_hiab_hikaam_hipe_hilag_hijayen_hi_ot,0,0,1,0,,,
1588,om_hipuri_hi_otjourney_enfrom_ennarrator_enat_enhistorical_enbharat_hiek_hikhoj_hito_hijodha_hi_otakbar_en_otyeh_hidharawahik_hikisi_hibhi_hiaitihasik_hipramanikta_hika_hidawa_hinahi_hikarta_hi_ot,1,1,1,1,,,
2000,mylifeinsixwords_ottheke_hiband_hihogaye_hihain_hi_otgurgaon_hichalo_hi_ot,1,1,1,1,,,
909,kitne_hipoonamkishadi_otkaroge_hi_othar_highar_hise_hiek_hipoonam_hiniklegi_hi_ot,0,1,1,1,,,
235,kal_hiindia_enhaare_hiya_hijeete_hi_otdhoni_otzindabad_hitha_hi_otzindabad_hihai_hiaur_hizindabad_hirahega_hi_ot,0,1,1,1,,,
489,phir_hibhi_hibohot_himuslims_hine_hibjp_hiko_hivote_endiya_hisir_en_otunki_hitarah_hiaap_hibhi_hireligion_enor_hicaste_ense_hiupr_hisoch_hikr_hidekhe_hisabkasathsabkavikas_ot,0,0,0,0,,,
2853,pyaar_hise_hidarr_hinahi_hilagta_hi_otchutya_hitweets_ense_hilagta_hihai_hi_ot,1,1,0,0,,,
1176,bhaiyya_hiandheri_hichaloge_hi_otnahi_hi_otfir_hiup_enjaao_hi_ot,0,0,0,0,,,
3250,agar_hisanjay_hidutt_hihote_hito_himovie_enka_hititle_enhota_hi_otprem_hiratan_higun_enpayo_hi_ot,1,1,1,1,,,
679,arre_hiyaar_hiiss_hiwaqt_hikya_hisujhta_hihai_hi_otgaand_hi_ot,1,0,1,1,,,
3267,horse_en_otbata_hikya_hilegi_hi_otsonakshi_hisinha_hi_otsawaar_hiloon_en_othaaye_hisawaar_hiloon_en_otsawaar_hiloon_enhaaye_hisawaar_hiloon_en,1,1,1,1,,,
422,gopi_hivahu_hi_otjaa_himere_hiliye_hikhamba_hikelar_hihaa_hi_ot,1,0,0,0,,,
2436,for_ensure_enkejriwal_otis_hian_hiiitian_hiand_engenius_en_otitne_hipadhe_hilikhe_hilogon_hiko_hichutiya_hibanana_enkoi_himamooli_hibaat_hinahi_hihai_hi_ot,1,1,1,1,,,
906,bhai_hiab_hi_otamla_hiout_enho_hijaao_hi_otbaki_hi9_otlog_hibewkoof_hinahi_hihain_hijinhone_hi20_otover_enfielding_enki_hihai_hi_ot,1,1,1,1,,,
1710,when_enkaran_hijohar_hiwas_enborn_enthe_hidoctors_ensaid_en_otbadhai_hiho_hi_otkuch_hitoh_hihua_hihai_hi_otkuch_hihogaya_hihai_hi,1,1,1,1,,,
1444,ek_hido_hidin_higayab_hiho_hike_hi_otnobody_enmissed_enme_hi_ottweets_enkarte_hiho_hito_hiaapko_hikoi_highanta_himiss_ennahi_hikarega_hi_ot,1,1,1,1,,,
2280,aur_hithoda_hicultural_enitems_enka_hiprogram_enrakh_hilo_hiaur_hi3_ot_ot4_otovers_enaur_hikam_hikar_hidena_hi,0,1,1,1,,,
556,relationship_enstatus_en_otummeed_hipar_hiboner_enkaayam_hihai_hi_ot,1,0,0,0,,,
993,_otif_enindia_entv_enwas_enpresent_enin_hi1980_ot_ots_hi_otbreakingnews_otpyar_hine_hijahan_hipe_hirakha_hihaj_hijhumke_hikadam_hiek_hibaar_hi_otwahin_hise_hikhula_hihai_hikoi_hirasta_hi_ot,1,1,1,1,,,
3411,mein_hi_otrocky_en_otidhar_hiudhar_hihar_hiladki_hike_hipeeche_hibhaagta_hirehta_hihu_hi_otpar_himujhe_hiapni_hipasand_hiki_hiladki_hinahi_himili_hi,0,1,1,1,,,
846,heater_enka_hikabhi_hiaik_hirod_enjalta_hihai_hikabhi_hido_hi_otajeeb_hiidentity_enaur_higender_encrisis_enka_hishikaar_hihai_hikhabees_hi_ot,0,0,0,0,,,
73,dirtytalkin4words_ot_otachcha_hichalo_hi_otkar_hilo_hi_ot,0,0,0,0,,,
403,msg_enkhud_higod_enhain_hi_otpar_hiunke_hibhi_hiek_hilord_enhainpic_hi_ottwitter_en_otcom eac1lvtpw6_hi,1,0,1,0,,,
1220,in_hireal_ensense_en_otbigg_hiboss_enchahte_hihai_hike_hiye_hiagla_hikarya_hitumhe_hiaapas_himein_hiladne_hiair_enek_hidoosre_hiki_himaa_hibehen_hikarne_himein_hikaamyab_hirahe_hi_ot,1,1,1,1,,,
2738,_ot_otyes_ensir_en_ot2014_otto_hibahut_hipurana_hiho_higaya_hi_ot2002_otbilkul_hitaza_hi_ottaza_hihai_hi,0,1,1,1,,,
2427,japan_enki_hiaadhunik_hitaknik_hise_hibana_hiwater_enpurifier_en_othaan_hibhai_hihamari_hitaknik_hitoh_highaas_hichar_hirahi_hihai_hi_ot,0,1,1,1,,,
1968,ye_hiaaron_enfinch_enbahut_hiaccha_hikhelta_hihai_hi_otbus_hiaise_hihi_hikhelta_hirahe_hi_ot,0,1,1,1,,,
2666,73_otsaal_hike_hijawan_hibachchan_hisahab_hi,0,0,0,0,,,
2433,ankhon_hiki_hi_otgustakhiyan_hi_otmaaf_hihopic_hi_ottwitter_en_otcom 26fal0sapt_hi,1,0,0,0,,,
1823,that_en_ots_hiyour_enopinion_enhum_himain_hibahot_hiswara_hike_himahaanta_hike_hiscenes_endekhe_hiaur_hiabh_hihum_hikya_hicaste_enbhi_hibolrahe_hihai_hi,0,0,0,0,,,
2039,so_enjao_hiharaam_hizaadon_hi_ot,1,0,0,0,,,
566,pmo_otkya_hibrahman_higareeb_hini_hihote_hisirf_hist_ensc_hihi_higareeb_hihote_hih_hikya_higareebi_hicaste_endekhke_hiati_hih_hi_otarakshan_hidena_hihi_hih_hito_hiuse_hido_hijisko_hi,0,0,0,0,,,
122,apne_hihi_higender_enka_hipata_hihoga_hibhen_hiapni_hito_hiknowledge_enhai_himjhe_hiap_hibataein_hiaurat_hiki_hikis_hime_hihai_hi_ot,0,0,0,0,,,
2013,baccha_hisamajh_hike_hikandhe_hipe_hibithaya_hito_hikaan_himein_himut_hi_otta_hihai_hi_otby_en_otsuperlativepic twitter com yio6tvttbk_ot,1,1,1,1,,,
558,ab_hilog_hi2_otmahine_hitak_hijoke_enbanaenge_himere_hiparpic_hi_ottwitter_en_otcom lg8czfdlkq_hi,0,1,1,0,,,
495,please_enfollow_en_ot_ot_ot_otye_hilog_hifree_enmein_hidaaru_hipilaate_hihai_hi_otaaishappath_ot,1,1,1,1,,,
984,vladimir_enputin_enis_hivardhmaan_hinitin_hivhpnames_ot,1,1,1,1,,,
1744,dawa_hiaur_hidaru_hidono_hisaath_himain_hilene_hichahiye_hikya_hi_ot,1,0,0,0,,,
815,dil_hicheese_enkya_hihai_hiaap_himeri_hiinsecurities_enle_hili_hijiye_hi,1,0,1,1,,,
2880,_otmodi_otji_hithinking_en_ot_otwig_enlaga_hikar_hikaisa_hichutiya_hilag_hiraha_hihai_hi_othasi_hibhi_hinahi_hiruk_hirahi_hi_otpic twitter com j4bwiex638_ot,1,1,1,1,,,
498,_ot_otsir_enab_hiaap_hiapni_hisalary_en5000_ot_otbadha_hilo_hi_otaap_hiarnab_hise_hizyada_hiraita_hifailate_hiho_hi_otto_hisalary_enkam_hikyu_hi,1,1,1,1,,,
437,rohit_otsharma_hiki_hitalent_enhai_hiteam_enhai_hijagah_hibanaye_hirakhna_hi_ot,0,0,1,1,,,
2647,_otknock_enknock_en_ot_otwho_enis_hiit_en_ot_otram_otprasad_hitera_hibaap_hibhosdike_hiangreji_hibolat_hihai_hidarwaja_hikholiya_hibhainchood_hi_otkanpurknockknock_ot,1,1,1,1,,,
2055,bidhayak_hitabrez_hialam_hika_hihaath_hihai_hihamare_hisar_hipar_hi,0,0,1,0,,,
893,for_enwontgiveitback_otto_hiwork_en_otdhoni_otneeds_ento_hisay_hi_ottrophy_entoh_highar_hipar_hihi_hibhul_hiaaye_hi_ot_ot,1,1,1,1,,,
809,dorkstar_hiaskthepankazzz_hietc_enetc_enetc_ensab_hipaid_enkarte_hihai_hibhaiya_hi_othume_hikya_hibol_hirahe_hiho_hi,0,1,1,1,,,
347,ghanan_highanan_hidekho_highir_hiaayi_hibadrapic_hi_ottwitter_en_otcom dvnuxymbn8_hi,1,1,0,0,,,
3125,aandhi_hiaayi_hiaandhi_hiaayi_hiaandhi_hiaayi_hiaandhi_hiaayi_hibhaag_hibhaag_hidk_hibose_endk_hibhaag_higurgaon_ot,1,1,1,1,,,
843,rajasthan_hiroyals_entake_enpart_enin_hiipl_hiauction_enlike_en_otbhai_hiabhi_hipehle_hiki_hiemi_hihi_hinahi_hibhari_hi_otnaya_hikya_hikhareedein_hi_ot,1,1,1,1,,,
765,kuch_hibhi_hiho_hi_otpakistan_ento_hichutiya_hihi_hirahega_hi_ot,1,1,1,1,,,
557,badon_hiki_hiizzat_hikaro_hitheek_hihai_hi_otkiske_hibade_hihai_hiyahan_hi_ot,1,1,0,1,,,
754,aur_hihaan_hijo_higaali_hisunke_hiunfollow_hikare_hiaaj_hi_otshahid_hiafridi_hike_hisaath_hisaath_hitumhari_hibhi_himaa_hika_hibhosda_hi,1,1,1,1,,,
1518,sabhi_hiparties_enmilke_hicommunal_enviolence_enbhadka_hirahi_hihain_hidesh_himein_hiaur_himedia_endosh_hiprime_enminister_enko_hide_hirahi_hihai_hi,0,0,0,0,,,
1115,ramiz_hiraja_hichutiya_hihai_hi_ot,0,0,0,0,,,
80,saare_hitharki_hilog_hioption_en1_otvote_enkar_hirahe_hihai_hi,0,0,0,0,,,
1320,kaash_hipandya_hike_hipaida_hihote_hihi_hidoctor_enne_hino_en_otball_enka_hiishaara_hikarke_hiuse_hiwaapis_hiandar_hidaal_hidiya_hihota_hi_ot,1,1,1,1,,,
2089,vodafone_hiusers_en3g_otnetwork_enmilne_hipe_hiaise_hikhush_hihote_hihai_hijaise_hibhagwan_himil_higaye_hiho_hi_ot,1,1,1,1,,,
898,bhar_hido_hijholi_himeri_hiyaa_hi_ottere_hise_himain_hina_hiloonga_hipanga_hi_ot_ot,0,1,1,0,,,
3382,shanti_hibhushan_hiaaj_hise_hicorrupt_enho_higaye_himitron_hi_ot,0,0,0,0,,,
1519,_otguru_enji_hine_hikhusara_hisamaj_hiko_hithird_engender_enka_hidarja_hidilvaya_hior_hiuhne_hisukhdua_hisamaj_hika_hinam_hidiya_hieverydayhumanitymsg_ot,0,0,0,0,,,
1923,_ot_ottum_hidilli_hipolice_enho_hikya_hi_otbakri_hiko_himaar_himaar_hike_hibol_hirahe_hi_otbol_hitu_hisher_hihai_hi_ot,0,1,1,1,,,
620,ye_hizyada_hiho_higaya_hi_otbc_enits_ena_enblog_ennot_enabhishek_otbachchanpic_hi_ottwitter_en_otcom bor7zfbi4a_hi,0,0,0,0,,,
3164,suhagrat_hihai_hichaddi_hinikal_hiraha_hihu_himain_hi_otsimat_hirahi_hihai_hitu_hisharma_hike_hiapne_hibaahon_himein_hi_ot,0,1,1,1,,,
895,logo_enko_hiunki_himehnan_hika_hisahi_hifal_himilna_hichahiye_hi_otna_hiki_hiunki_hicaste_enka_hi_otjinko_hilabh_himilta_hih_hiwo_hikhush_hior_hinahi_himilta_hiwo_hiaage_hinahi_hibadhte_hi,0,0,0,0,,,
2820,kasla_highaam_hisuttay_hi_otchyamaila_hizhop_hiyet_enach_hinahi_hi_otmarathi_enpeople_enin_himumbai_hi,0,0,0,1,,,
2896,_ot_otbhai_hiwapis_hiaa_hija_hi_otdil_hipe_himat_hile_hi_ot,0,0,0,0,,,
601,ftii_hika_hiek_hibhi_hibuddha_hiaaya_himarchforindia_otme_hiya_hisab_hiphoonk_hike_hiso_enrahe_hihai_hi_ot,0,1,1,1,,,
937,dooriyan_hibhi_hizaroori_hihai_hipyar_himein_hi_otkareeb_hitoh_hiapna_hihaath_hibhi_hihota_hihai_hi_otoldmonkinpoetout_ot,1,1,1,1,,,
2676,inka_hialsi_hinaam_hiravish_hikumar_ennahi_hirubbish_enkumar_enhai_hifarzipatrakarravishkumar_ot,1,1,1,1,,,
2859,2015shahenshah_otrishte_himein_hito_hihum_hitumhare_hibaap_hilagte_hihai_hi_otbut_enmummy_enkaun_hihai_hiye_hinahi_hipata_hi_ot,1,1,1,1,,,
1864,bageera_hi_otmowgli_enne_hieid_himanayi_hiaur_hiab_higudi_hipadwa_hibhi_himana_hiraha_hihai_hisherkhan_hi_otye_hihindu_hika_hikhoon_hiye_himusalmaan_hika_hikhoon_hibata_hikya_hifarak_hihai_hiisme_hi_ot,1,1,1,1,,,
3390,sanjay_hi_otmein_hirahul_otgandhi_otka_hikutta_hihu_hi_otjha_hicelebmiddlenames_ot,1,1,1,1,,,
3138,true_en_otup_enmai_hisabse_hijyada_hiilliteracy_enrate_enhai_hi_otor_hirahi_hibaat_higovernance_enki_hito_hiakele_himodi_otji_hibhi_hikuch_hinahi_hikar_hisakte_hibina_hipublic_enk_hisath_hik_hi_ot,0,1,0,0,,,
879,har_hihar_himahadev_hi_otghar_highar_himodidev_hi,1,0,0,0,,,
1143,bhai_hitu_hirohit_otshetty_hiki_hipicture_enme_hikaam_hikab_hitak_hikarega_hi_otasksrk_ot,1,1,1,1,,,
579,wada_hiraha_hisanam_hihonge_hijudaa_hina_hihum_hi_otchaahe_himaa_hichud_hi_otye_hizamaana_hitruelove_ot,1,0,1,1,,,
1258,baa_enji_hi_otmain_hito_hibolta_hihoon_hiindrani_hiki_hijagah_hisiddhrtha_hipar_himuder_hika_hicase_enchalaya_hijaye_hi_otkya_hibolti_hiho_hi_ot,0,1,1,1,,,
689,he_hi_otsardi_hi_otzukhaam_hi_otkhaansi_hi_otaur_hinaak_hibhi_hibandh_hi_otkuch_hilete_hikyu_hinahi_hi_otsunny_enleone_en_otle_enle_hikar_hithakk_higayi_hihu_hi_otokbye_ot,1,1,1,1,,,
2882,batao_hi_otbol_hiraha_hihai_hidoraemon_hiko_hinahi_hijaanta_hi_otpic_hi_ottwitter_en_otcom mpicbuhxtd_hi,1,1,1,1,,,
1294,bhai_himodiji_otki_hibaat_hichhodo_hikejri_otse_hibhagwaan_hibhi_hidarte_hihai_hirt_en_otso_enmodi_othas_enfinally_enconceded_enhe_hihas_enlost_ento_hiarvind_otso_enneeds_enbedi_hi,1,1,1,1,,,
3397,rishte_himein_hito_hihum_hitumhare_hibaap_hilagte_hihain_hi_otnaam_hi_ot_otnaam_hi_ot_otjalebi_hibai_hi_otjalebi_hibai_hi_ot,1,1,1,1,,,
1432,laskhman_hi_otbhaiya_hiye_hilk_hiadvani_hikaun_hihai_hi_otnaam_hisuna_hisuna_hisa_hilag_hiraha_hi_otram_ot_otarre_hiyaar_himere_hibaju_hiwale_hisection_enme_hitha_hischool_enhai_hi_otyaad_hiaaya_hi_ot,0,1,1,1,,,
1298,hey_hipakistan_en_othar_hidhulaai_hibaad_hicomfort_enlagana_hichahiye_hi_ot,0,0,1,1,,,
3188,indians_enhave_enaadhaar_hicards_en_otbangladesh_enhave_enjamadaar_hicards_enindvsban_ot,1,1,1,1,,,
1932,tension_enna_hilo_hibhai_hi_otis_hibaar_hibhi_hihaar_hihamari_hihi_hihogi_hiwc2015pic twitter com yescoarn1f_ot,1,0,1,0,,,
932,sabse_hipehle_hibuilding_enme_hiplane_enghusaane_hika_himauka_himujhe_himila_hitha_hi_otkumar_envishwas_hi,0,1,1,1,,,
2898,har_hipal_enyaha_hijee_hibhar_hipiyo_hi_otjo_hihai_hipaise_hikal_hiho_hina_hiho_hi_ot,1,0,0,0,,,
2575,jumme_hiki_hiraat_hihai_hichumme_hiki_hibaat_hihai_hialah_hibachaye_himujhe_hifootpath_ense_hinaachobc_ot,1,1,1,1,,,
2024,baby_enme_hiakshay_hikumar_enki_hibiwi_hiusey_hibina_hipoochhe_highar_hike_hibahar_hijaane_hideti_hihai_hi_oti_himean_enhow_en_ot,1,1,1,1,,,
287,choti_hidiwali_hi_otchoti_hisi_hibeer_enpic twitter com 4tzqjdibab_ot,0,0,0,0,,,
3143,aur_hidoston_hisun_hilo_hi_otboss_ense_hiye_himat_hikehna_hiswine_enflu_enhai_hi_otswine_enflu_enek_hidin_hime_hitheek_hinahi_hihota_hi,1,1,1,0,,,
914,_ot_ot_otviolence_ento_hini_hitha_hipar_hibadtameze_hijarur_hitha_hi,0,0,0,0,,,
1711,_ot_otkuch_hibhi_hi_otye_hito_hihadd_hihai_hi,0,0,0,0,,,
544,ye_hilust_ennahi_hiaasaan_hibas_hiitna_hisamajh_hilijiye_hi_otpaap_hika_hidarya_hihai_hiaur_hichud_hikar_hijaana_hihai_hi_otirshaad_ot,1,1,1,1,,,
2021,maine_hito_hibas_hikutto_hika_hikhoon_hipiya_hihai_hi_otlaloo_hine_hito_hiinsaano_hiko_hinahi_hichoda_hijunglerajepisode2pic twitter com q39wkeo3rr_ot,1,1,1,1,,,
811,ok_hiab_hisapne_hidekhne_hiband_hikaro_hi,0,0,0,0,,,
3033,aaj_hika_hidin_hihai_hi19_otaugust_en_otthis_enis_hithe_hibiggest_enproof_enthat_enmodi_otji_hisamay_hise_hiaage_hichalne_hiwale_hipm_enhain_hi_ot,1,1,1,1,,,
1656,gender_enta_hipalte_hidekho_hi_otbhalo_hilagbe_hi_otpragati_hi_otpragati_hi_otpragati_hi,0,0,0,0,,,
1324,bigg_hiboss_enshuroo_hihone_hise_hipehle_hiaap_hicontestants_enko_hinahi_hijaante_hiaur_hishuroo_hiho_hijane_hike_hibaad_hibhi_hiaap_hinahi_hijaante_hiki_hiye_hihain_hikaun_hi_ot,0,1,1,1,,,
3377,kejriwal_otproved_enyet_enagain_enjab_hitak_hibewakoof_hilog_hizinda_hihain_hichalak_hiinsan_hibhookha_hinahi_himarega_hi_ot,1,1,1,1,,,
474,_otraid_enin_hikejriwal_ot_ots_hioffice_en_otashutosh_hi_otkejriwal_otji_hidiwali_hiho_higayee_hi_otab_hired_enpaint_enkyu_hikarwa_hirahe_hiho_hikejri_ot_otise_hijail_enme_hidaalo_hipehle_hi_ot,1,1,1,1,,,
2072,hangama_hihai_hikyu_hibarpa_hi_otdaka_hito_hinahi_hidala_hi_otchori_hito_hinahi_hiki_hihai_hi_otghulamali_ot,1,1,1,1,,,
1401,chalo_higappe_himaarte_hihai_hideedi_hi,0,0,0,0,,,
3366,kesariya_hihai_hiroop_himharo_hi_otelaichi_hihai_hibelly_enbutton_enmharo_hi,1,1,1,1,,,
101,desh_hiki_hitragedy_enpe_hijoke_enbanane_hiwalo_hiko_hibhi_higoli_himaaro_hi,0,1,0,0,,,
957,ab_hidesh_hike_hivikas_hime_hisaath_hihoga_hibihar_higoodbyenitishkumar_ot,0,0,1,0,,,
2687,jhilmil_hisitaron_hika_hiaangan_hihoga_hitwitter_enpar_hibarasta_higaandupan_hihoga_hi_otirshad_ot,0,1,1,1,,,
3002,jo_hizada_hifriendship_enfriendship_enkarte_hihain_hi_otwohi_hiek_hidin_hiharamipan_hipe_hiutar_hiaate_hihain_hi_ot_otmk_engandhi_ot,1,1,1,1,,,
3136,friend1_hi_ot_otabe_hibhenchod_hisun_hi_ot_otfriend2_hi_ot_otsaima_hike_hipet_hime_hikoi_hibaat_hireyti_hihi_hinahi_hi_otsab_hibol_hideti_hihai_hi_ot_ottweetlikeapakistani_ot,0,1,1,1,,,
412,dr_enkumar_envishwas_hi_ot_otkoi_hideewana_hikehta_hihai_hi_otkoi_hipagal_hisamajhta_hihai_hi_ot_otaudience_en_otpic_hi_ottwitter_en_otcom xj8cl5lxw6_hi,1,1,1,1,,,
2176,yeh_hibhosdi_hike_hikumkum_hibhagya_hiwale_hikitna_hikheenchte_hihai_hi_ot,1,1,0,1,,,
192,ye_hihai_hiindia_enka_hityohaar_hi_otrt_enkrishna_otek_hitaraf_hipreity_hizinta_hika_hipyaar_hi_otdusri_hitaraf_hisachin_hika_hipyaar_hi_ot_otmivskxip_ot,0,1,1,1,,,
147,abhijit_himukherjee_hi_otramesh_hi_otabhijeet_hi_otsuresh_hi_otarnab_hi_otkhikhikhi_hi,0,1,1,1,,,
3417,sober_enka_hiphal_hiweekend_enhota_hihai_hi_ot,0,0,0,0,,,
1431,_ot_otsare_himoral_encourage_enka_hitheka_himodi_otne_hiliya_hihai_hikya_hi_ottum_hijo_hichor_hi_otuchakke_hilalu_otki_hibahon_hime_hijhool_hirahe_hiho_hi_otwhere_en_ots_hiur_himoral_encourage_en,0,1,0,1,,,
1423,aamir_hikhan_hiaamir_hikha_hiaamir_hikh_hiaamir_hik_hiaamir_hiaami_hiaam_hiaa_hia_enas_hiast_hiaste_hiastee_hiasteen_hiasteen_hik_hiasteen_hika_hiasteen_hika_his_hiasteen_hika_hisaap_hi,1,1,1,1,,,
2276,bjp_hilao_hi_otsaath_hime_hiaayegi_hibahaar_hibadliyesarkarbadliyebihar_ot,0,0,0,0,,,
708,lalumuktbihar_otis_hilike_enfafoond_himukt_hianchaar_hi,1,1,1,1,,,
2577,bihar_hime_hivikas_hilao_hi_otjaatiwaad_hidoor_hibhagao_himodijeetaonitishbhagao_ot,1,0,0,0,,,
546,teri_himaa_hika_hi_otuski_himaa_hika_hi_otsabki_himaa_hika_hi_otphone_enaaya_hi_ot,1,0,1,1,,,
902,gangs_enof_enwaseypur_hi3_otis_hicoming_en_otbhosadike_himadarcho_hi_otteri_hibehen_hiki_hi_otludo_en_otchuze_hi_otharaamkhor_hi_otgaand_hiphaad_hidebe_hiteri_hietc_en_otcan_en_ott_hiwait_en_ot,1,1,1,1,,,
254,kuchh_hilog_hito_hilagta_hihai_hiki_hiraat_hime_hitweet_enkarne_hike_hiliye_hi2_otbaje_hika_hialarm_enlaga_hike_hisote_hihain_hi_ot,1,1,1,1,,,
2928,kejri_otyogendra_hise_hipareshan_hi_otmodi_otyogi_ense_hipareshan_hi_otmusalman_hiyoga_ense_hipareshan_hi_ot,0,1,1,1,,,
51,agle_hijanam_himohe_hipakistani_enhi_hikeejo_hi_otrega_hijha_hi,0,0,0,0,,,
773,subah_hiki_hitatti_hiagar_hishaam_hiko_hiaaye_hitoh_hiusse_hiconstipation_enkehta_hihai_hi_ot,1,1,1,1,,,
2901,kejriwaldiwas_otpar_hisabko_hi2_ot_ot2_otladdoo_hiko_hijagah_hi2_ot_ot2_otplate_enrayta_himilega_hi,0,1,1,1,,,
2431,bhaari_hisankhya_himein_hivote_enkarein_hi_otaapke_hitl_enpar_hiwph_hihi_hinazar_hiaayega_hi,0,1,1,1,,,
618,_ot_ot_otfattimaayyy_himain_hitoh_hitumhare_hipyaar_himein_higum_enhogaya_hihu_hidp_endekh_hikar_hi_otbaaki_hideshwale_himatch_endekh_hirahe_hihai_hi_ot,0,1,1,1,,,
3101,gender_otaburu_hige_hibill_enge_hihimaayaiy_hihoadhaa_hijinsee_higoanaa_hikuraa_himeehun_hige_hianiyaa_hiah_enminister_enof_engender_enzimmaa_hinangavan_hijeheyne_hi_ot,0,0,0,0,,,
1921,ravish_hi_otdukaan_hiwale_hise_hibhaiya_hi6_otande_hi_ot2_otpacket_endoodh_hi_ot1_otbread_enaur_hiaadha_hikilo_enjaati_hisamikaran_hipack_enkar_hido_hifarzipatrakarravishkumar_ot,1,1,1,1,,,
67,haan_himodi_otji_hi_ot2_otlog_hiaaye_hihain_hi_otaapke_hitailor_enka_hipata_hipuch_hirahe_hithepic_hi_ottwitter_en_otcom ldynydppip_hi,1,1,1,1,,,
1996,ye_hiwali_hibhi_higayee_hihaath_hise_hi,0,0,0,0,,,
1367,ghar_himein_hibipasha_hibasu_hiki_hiphoto_enrakhne_hise_hibhoot_hibhag_hijate_hihai_hi_ot,1,1,1,1,,,
2648,main_hiapna_higender_enhi_hibhul_higayi_hitumse_hibaat_hikarte_hikarte_hiab_hi_ot_ot,0,0,0,0,,,
3224,yahan_hise_hipachas_hikos_hidoor_higaon_himein_hijab_hibachcha_hiraat_hiko_hirota_hihai_hi_ottoh_himaa_hikehti_hihai_hibete_hiso_enja_hinahi_hitoh_hiakshay_hikumar_enki_himovie_enlaga_hidungi_hi_ot,1,1,1,1,,,
2751,sir_en_otaap_hijanm_hise_hihi_hiidiot_enthe_hiya_hijournalism_enmein_hiaane_hike_hibaad_hi_ot,1,0,0,0,,,
1275,anpadh_hihone_hima_hiye_hinuksaan_hihai_hi_otumpire_ensamjha_hiraha_hihai_hibhai_hibat_hi_otpad_hihitting_enka_hispark_enhai_hisnicko_hime_hiand_enmisbah_hiis_hinot_engetting_enit_en_otlol_hi,1,1,1,1,,,
921,arre_hichutya_hirahul_ot_otidhar_hihu_himain_hiidhar_hikaha_hijaarela_hihai_hi_otpic_hi_ottwitter_en_otcom c4oigf0y3k_hi,1,1,1,0,,,
1800,bhai_hidekh_hi_otkaptaan_hihoga_hitu_hiapne_highar_hipe_hi_otwindow_enseat_enpe_hito_himain_hihi_hibaithunga_hiausvpakpic twitter com 8mj4oaylsn_ot,1,1,1,1,,,
1566,kamchor_hiinsan_hibeggar_enwajah_hike_hibheekh_himagta_hihai_hi_ot,0,1,0,0,,,
1215,vincent1986_otchal_hibhag_higawaar_hi_otmein_hibhi_hikah_hichali_higawaar_hiko_higender_ensikhane_hi_ot,0,0,0,0,,,
2627,loji_hiis_hiladki_hiko_higender_entak_hiki_hipehchan_hinahi_hihai_hiaur_hipagal_himujhko_hibata_hirahi_hihai_hi_othave_enu_hiever_engone_ento_hischool_en_oti_hiam_hidoctor_enanamika_hisen_en_ot,0,0,0,0,,,
969,soch_hiraha_hihun_hikis_hirate_enka_hipanauti_hihoga_hiquraishi_otusne_hibhand_hibaka_hiaur_hiindia_enko_hidusra_himedal_enmil_higaya_hiolympics_otrio2016_ot,0,0,0,0,,,
2822,desh_hiko_hijhand_hihone_hise_hijhanda_hibachaye_hi_otbas_hiyehi_hiek_hiupay_hi_ot,1,0,0,0,,,
3378,taare_hizameen_hipar_hi_otparthiv_hipatel_encricketfilms_ot,1,0,0,1,,,
2180,relationship_enstatus_en_otwo_hikya_hihota_hihai_hi_ot,1,0,0,0,,,
1928,aaj_hiitne_hipatakhe_hiphode_hiki_hiliberals_enke_hilag_hijaaye_hiloude_hinotevensorry_ot,0,1,1,1,,,
2481,dhoni_otto_hibangladesh_en_ot_otbura_hina_himaano_hiholi_hihai_hi_otindvsban_ot,0,1,1,1,,,
2492,ham_hisamjhenge_hinahi_hibhai_hifarhan_hi_otaaj_hito_hitu_hisach_hime_hipagal_hihai_hi_ot,0,1,1,1,,,
1480,dr_enkumar_en_otsabse_hipehle_hi_otvishwas_hicelebmiddlenames_ot,1,0,1,0,,,
1724,musibat_highode_hipe_hichadd_hike_hiaati_hihai_hi_otaur_hijaati_hipaidal_hihai_hi_othmm_hisidhu_hiji_hi_otthat_entotally_enmade_ensense_en_otrrvmi_ot,1,1,1,1,,,
3322,did_enarun_hilal_hisay_hi_ot_otye_hidekhiye_hibangladeshi_enplayer_enkhushi_hise_hiapne_hiandkosh_hitakra_hirahe_hihain_hi_ot,1,1,1,1,,,
2700,hamara_hineta_hikaisa_hiho_hi_otchota_hibheem_hijaisa_hiho_hi_otrt_en_ot_otnaarebaazi_hi_otat_enshri_hi_otrahul_otgandhi_ot_ots_hiroad_enshow_en_ot_ot_otpic twitter com eu48h7se9t_ot,1,1,1,1,,,
1023,arvind_otkejriwal_ot_otkya_hichal_hiraha_hihai_hi_otnarendra_otmodi_ot_otfogg_hichal_hiraha_hihai_hi_ot,1,1,1,1,,,
2046,and_en_otis_hiicchadhari_hichutiya_hi,0,0,0,0,,,
1985,_otisaliye_hiuper_hicaste_enke_hiliye_hiniche_hijahanam_hihain_hi_otwahan_hijao_hiaditya_hi_ottu_hito_hikisika_hinath_hinahin_hihoga_hi_otisliye_hiisake_hibad_hikhuko_hiadityanath_hina_hibolo_hi_ot,0,0,0,0,,,
2147,gurmeet_hiram_otrahim_hisingh_hiko_hidekh_hike_hihi_hihasi_hiaa_hijaati_hihai_hi_ot,1,1,1,1,,,
2074,kuch_hilog_hiindia_ense_hibahar_hijate_hihi_hitweet_enmein_hilocation_enon_enkar_hidete_hihain_hi_ot,0,1,1,1,,,
3406,tujhe_himirchi_hilagi_hito_himain_hikya_hikaru_hi_ot,0,0,0,0,,,
2937,suno_higaur_hise_hiduniya_hiwalo_hichahe_hijitna_himahal_hibana_hilo_hiuske_hiaage_higate_enlaga_hilo_hiuske_hiaage_hihonge_hihum_hinepali_enre_ot,1,1,1,1,,,
1706,woh_hikare_hipratighaat_hihum_hikare_hisirf_himan_hiki_hibaat_hisoniaammakeaagemodinikamma_ot,1,1,1,0,,,
3155,yaar_hiye_hibc_hizayn_himalik_hiaur_hiuske_hifans_enke_hiliye_hiek_hialag_hiplanet_enbanao_hi_otwaise_hihi_hisabka_himood_enkharaba_hihai_hiaaj_hi_otaur_hiupar_hise_hiye_hichutiya_hiaaye_hijaa_hiraha_hi_ot,1,1,1,1,,,
3131,uncle_enghar_hi_othai_hipaisa_hihai_higaadi_hi_otaap_hido_hijodon_himein_hiladki_hibhejo_hiladki_hihui_hihamaari_hi_otok_enbye_en,1,1,1,1,,,
1195,please_enstop_enmaking_enjokes_enon_ensalman_hikhan_hi_otbhai_hibola_hinahi_hichala_hiraha_hitha_higaadi_hito_hinahi_hichala_hiraha_hitha_hi_otbhairoxx_ot,0,1,1,1,,,
829,aise_hikaroge_hitoh_hihar_highar_hise_hiafzal_hikaise_hiniklega_hi_ot,0,0,0,0,,,
35,ab_hiki_hibaar_hi_otmaabetafarar_ot,1,0,0,0,,,
741,jisko_hijis_hiissue_enpar_hioutrage_enkarna_hihai_hikarne_hido_hi_ottunhara_hikaunsa_hiphuphi_hika_hikutta_himara_hija_hiraha_hihai_hi_ot,1,1,1,1,,,
1727,_otand_enalso_en_otsalman_hibhai_hika_hisaat_hisamandar_hipaar_hidance_enfrom_enkick_en_otbhai_hiki_hibaat_hihi_hiniraali_hihai_hi_ot,0,1,1,1,,,
605,duminy_hiko_hiipl_hinahi_hikhelni_hikya_hi_ot,0,0,0,0,,,
198,uth_hijaa_hibhai_hi_otlecture_enkhatam_hiho_higaya_hi_otpic_hi_ottwitter_en_otcom zxqtocy6dp_hi,1,0,1,0,,,
2996,misbah_hi_otul_hi_othaq_hiwants_ento_himake_enlove_en_otsings_en_ot_otmisbahon_hike_hidarmiyan_hi_otdo_hipyar_himil_hirahe_hihain_hi_ot_ot,1,1,1,1,,,
761,modi_ot_otab_hiye_hiwateronmars_otka_hichakkar_hikisne_hichalaya_himedia_enme_hiamit_hi_otpic_hi_ottwitter_en_otcom eyypsblj3i_hi,1,1,1,1,,,
2165,priye_hituzya_hipremaat_himi_enevdha_hipadloy_hiki_enzo_hikon_himadhe_hiaala_hityachi_hitar_enaaichi_hijai_hisanskarijamesbond_otmarathijamesbond_ot,1,1,1,0,,,
243,_otidhar_hipoora_higender_enchange_enhogaya_hibilal_hibhai_hiaap_hifriendzone_hibol_hirahe_hihain_hi,0,0,0,0,,,
1015,aaj_hiaustralians_ense_hizyada_hisledging_ento_hisoul_otkar_hirahi_hihai_hi_othahaha_hikeep_enit_enup_en,0,1,1,1,,,
3307,yograj_hiuncle_ense_hiphone_enkarao_hi_otshabnam_hiaunty_hike_hihath_hiki_hibiryani_hikhilao_hi_othazel_enbhabhi_hiki_hiphoto_endikhao_hi_otkuch_hito_hikarao_hikoi_hiyaar_hi_ot,1,1,1,1,,,
356,agar_hidil_hise_hiuchhaalo_hito_hipatthar_hise_hiasman_himein_hisurakh_hiho_hisakta_hihai_hi_ot_otphir_hito_higuptill_hike_highar_hitak_hibhi_hipahunch_hisakta_hihai_hi_ot,1,1,1,1,,,
933,the_hichaar_hilog_hiin_hi_otchaar_hilog_hikya_hikahenge_hi_ot_ot_otwhatgoogledoesntknow_ot,1,1,1,1,,,
313,holi_hikab_hihai_hi_otkab_hihai_hiholi_hi_otholyshitpic twitter com yn3ublpj2f_ot,0,0,0,0,,,
434,bhenchod_hiek_hivyapam_highotala_hikya_hiho_higaya_hi_otlog_hibhopal_enme_hishaadi_hinahi_hikarwa_hirahe_hiapni_hiladkiyo_hiki_hi_ot,1,1,1,1,,,
1268,dhoni_otne_hithoda_hiaur_hispeed_ense_hibat_hiswing_enkiya_hihota_hito_hiapni_hijagah_hise_hitake_enoff_enkar_hijate_hi_ot,1,1,1,1,,,
1051,bhencho_hibigg_hiboss_enko_hi9_otbaje_hikar_hido_hi_ot,0,0,0,0,,,
20,hey_hiairways_ottujhya_hibochyat_hikaandha_hibhajji_hiaani_hilasoon_hichutney_en_ot,1,1,1,1,,,
1512,pic1_hi_otmummy_endekho_himia_enkhalifa_hipic2_hi_otlagta_hihai_hiab_hiiski_hishaadi_hikarwani_hihi_hipadegi_hipic twitter com tfim3izfdl_ot,1,1,1,1,,,
714,says_otha_hiha_hi_otprize_enavail_enkarne_hike_hiliye_higender_enchange_enkarwana_hipadega_hi_ot_ot,0,0,0,0,,,
2729,dhoni_otmere_hibhai_hi_ottest_enmatch_ennahi_hihai_hiye_hi_ot,1,0,0,0,,,
3243,reporter_en_otaaptards_hike_hiliye_hikya_himessage_endena_hichahengi_hi_otanjali_hidamania_hi_otchullu_hibhar_hipani_hime_hidoob_hike_himarr_hijao_hinikammopic_hi_ottwitter_en_otcom 3hoo8u93ip_hi,1,1,1,1,,,
3315,sir_en_otjitni_hifikar_higujarat_enki_hikarte_hiho_hiuska_hi10_ot_otbhi_hidilli_hiki_hikaro_hito_hiaap_hika_hiad_hipe_hikharcha_hinahi_hikarna_hipadega_hi_ot,1,1,1,1,,,
1470,_otmujhe_hiviolence_ense_hibohot_hidard_hihoti_hihain_hifriend_en_ot,0,0,0,0,,,
633,_otagr_hi1_ot1_otkrk_hihar_hikoi_hicaste_en_otjati_hik_hinam_hipe_hiaarkshan_himangega_hito_hibrahmins_hika_hikya_hihoga_hi_otinme_hiv_hito_hipoor_enfamily_enk_hilog_hih_hiunka_hikya_hikasoor_hih_hi,0,0,0,0,,,
25,delhi_enmetro_enmein_hikhana_himana_hihai_hi_othilana_hinahi_hi_ot,1,0,1,1,,,
2894,tum_hitweet_enkaro_hiviolence_enko_hilekar_hi_ottumhare_hiko_hitwitter_ense_hitoh_hihataenge_hi_otjail_enbhi_hibhejenge_hi_ot,0,0,0,0,,,
2062,bangladesh_enko_hito_hihara_hidiya_hi_otab_hiaustralia_enke_hisaamne_hiaise_hikhelenge_hito_higaand_himaar_hilenge_hiwo_hilog_hi_ot,1,1,1,1,,,
2694,aaj_himein_hibohot_hikhush_hihu_hi_otpehli_hibaar_hisau_hika_hinote_hidikhaya_hibhaijaan_hine_hi_ottweetlikeapakistani_ot,1,1,1,1,,,
1653,bhenchod_hiyahan_higold_enflake_enkharidne_hike_hipaise_hinahi_hihai_hi_otaur_hilog_higold_enloan_enlelo_hike_himessages_enbhejte_hirehte_hihain_hi_ot,1,1,1,1,,,
1277,he_hi_otdhoop_hime_hinikla_hina_hikaro_hiroop_hiki_hirani_hi_otgora_hirang_hikala_hina_hipad_hijaaye_hi_otshe_en_otkyu_hikaali_hiho_hijaungi_hito_hipyaar_hinahi_hikarega_hikya_hi_otu_hiracist_enbastard_en_ot,1,1,1,1,,,
2767,acha_hihua_hibiryani_hifirst_eninnings_enke_hibaad_hihi_hikha_hili_hithi_hi,0,0,0,0,,,
2284,sir_en_otye_hibewafai_hihai_hi_otrahul_otji_hivacations_enpar_hikya_hichale_higaye_hiaap_hiunhe_hibhoolkar_hiroger_en_otroger_enkarne_hilage_hi_ot,1,1,1,1,,,
3237,bhai_hikohli_hitere_hinaam_hike_hipichhe_hihi_hiyaha_hiham_hichaude_hiho_hirahe_hihain_hi_otkyu_hibolti_hiband_hikarwa_hiraha_hihai_hi_ot,0,1,1,1,,,
641,salman_hikhan_hine_hicourt_enmein_hiyograj_hisingh_hidrive_enkar_hiraha_hitha_hiaisa_hibol_hidiya_hihota_hito_hiaaj_hiyeh_hidin_hinahi_hidekhna_hipadta_hi_ot,1,1,1,1,,,
2257,bangladesh_enwale_hiitne_hikhush_hihain_hijaise_hibajrangi_hibhaijaan_hiaaj_hihi_hirelease_enho_higayi_hiho_hiwahan_hi_ot,0,1,1,1,,,
3226,mulgi_hishikli_hi_otpragati_hichi_hitar_enzhali_hi_ot,0,0,0,0,,,
762,rabada_hiko_himaata_hiraaani_hika_hipaap_hichadega_hi_ot,1,0,0,0,,,
1736,sir_en_otpampers_enachhe_hihote_hihain_hiki_himamy_hipoko_hipants_en_ot,0,0,1,1,,,
2938,ye_hiyuvi_hiko_hibouncer_enmaarega_hi,0,0,0,0,,,
2971,india_ense_hiharenge_hihum_hi_otjab_hitak_hihai_hijaan_hi_otjab_hitak_hihai_hijaan_hiindvspak_ot,1,1,1,1,,,
2936,subah_hisubah_hikis_hitarah_hike_hichutiye_hiemo_hikarte_hihai_hi_ot,1,0,0,0,,,
1553,salman_hibhai_hine_hitwitter_enchhoda_hito_hiham_hibhi_hitwitter_enchhod_hidenge_hi_ot,0,1,1,1,,,
3005,hello_en_otji_hi_otek_hiladki_hishaadi_hike_hiliye_himaan_hinahi_hirahi_hi_otaap_himeri_hitaraf_hise_hiusko_hibol_hike_hidekho_hina_hi_otaapki_hibaat_hito_hisab_himaante_hihai_hi_otpls_hipls_hi,0,1,1,1,,,
1826,arre_hibhaaijaan_hi_otab_hicaste_enkahaan_hise_hilaate_hiho_hi,0,0,0,0,,,
3269,aib_hisay_hiwatch_entheir_enpositive_enside_enin_hikabhi_hihaan_hikabhi_hinaa_hi_otsada_entumne_hiaib_hidekha_hi_othunar_hito_hina_hidekha_hi_ot_ot,1,1,1,1,,,
1212,woh_hishot_enkhel_hike_hiuska_himunro_engaya_hi_otindvsnz_ot,0,1,0,0,,,
1014,kuch_hilog_hito_hibio_hime_hipoori_hibiography_enlikh_hidete_hihai_hi_ot,0,0,0,1,,,
452,apne_highar_himein_hito_hibilli_hibi_ensher_hihoti_hihain_hi_otyahan_hiviolence_enmein_hikoi_hibahaduri_hinahin_hi_otkabhi_hibhi_hiviolence_enaur_higusse_himein_hibahaduri_hinahin_hi_ot,0,0,0,0,,,
1925,ladkiyon_hiko_hihamesha_hibahot_hizor_hiki_hiattention_enlagi_hihui_hihoti_hihai_hi_ot,1,1,0,0,,,
904,he_hi_otsuna_hihai_hitere_hichahnewale_hi_otaage_hidus_hihain_hipeeche_hibaara_hi_otshe_en_otnigga_hii_hi_otm_hijayalalitha_hi_ot,1,1,1,1,,,
1415,dream_en_otmere_hisapnon_hika_hirajkumar_hiaayega_hireality_en_otpankajlal_hichoube_hi_otbalrampur_hi_otuttar_hipradesh_en,1,1,1,1,,,
2713,potty_enpe_hibaitha_hitoh_hiek_hikhayal_hiaaya_hizindagi_hipoop_en_otghana_hisa_hitatti_hilaya_hi,1,1,1,1,,,
3139,ganga_himein_hinahaa_hike_hiaur_hibhiii_hipavitra_hihogayi_hiho_hi_ot,0,1,1,0,,,
1717,saale_hihindi_enbhi_hitheek_hise_hilikh_hinahi_hisakte_hi_otenglish_ento_highanta_hiaata_hihoga_hiin_hilogo_enko_hi_ot,1,1,1,1,,,
1737,_otnational_entv_enpar_hicaste_enabuse_enbadzaat_hikarke_hikaunsa_hideshbhakti_hidekha_hirahoo_hihoo_hi_ot,0,0,0,0,,,
2281,sonia_en_ot_othume_hichahiye_hiporn_enswaraj_hi_otmms_hi_ot_otmadam_enjee_hiporn_ennahi_hipurn_hi_otsonia_en_ot_otye_hinara_hidesh_hike_hiliye_hinahi_hirahul_otk_hiliye_hihai_hi_otpic twitter com jl1jdtlsyk_ot,1,1,1,1,,,
883,mark_enharaami_hitere_hifacebook_hipar_hijo_hihai_hiinn_ensabke_hipaas_hivalentine_en_ots_hinahi_hihai_hi_otwish_enkarna_hibandh_hikar_hi_ot,1,1,1,1,,,
1064,reporter_en_otrahul_otji_hi_otthailand_enme_hisandwich_enmassage_enleke_hikaisa_hilaga_hi_otrahul_ot_otpic_hi_ottwitter_en_otcom gh38hpbb3y_hi,1,1,1,0,,,
822,modi_otji_hiin_hichina_en_ot_otmitron_hi_otmain_hichai_hike_hisaath_hisaath_hichow_en_otmein_hiaur_hikabhi_hikabhi_hichilli_hi_otpotato_enbhi_hibechta_hitha_hi_ot_ot,1,1,1,1,,,
2931,jin_hizakhmon_hiko_hiwaqt_hibhar_hichala_hihai_hi_ottum_hikyu_hiunhe_hiunglee_hikiye_hijaa_hirahe_hiho_hi_otaadab_ot,1,1,0,1,,,
1094,obama_hike_hisar_hipar_hiek_hineeli_hibarsaati_hitoh_hilagwa_hihi_hisakte_hithe_hi_otfaltu_himain_hibheeg_hiraha_hibechara_hi_ot,1,1,1,1,,,
503,aaj_himain_hiupar_hi_otaasman_hineeche_hi_ot_otmissionary_en_ot,1,0,0,0,,,
163,ab_hiki_hibaar_hi_otodi_hisarkar_hi_otwhateverthatmeans_ot,0,0,1,1,,,
673,universal_entruth_enis_hi_otsab_hichutiye_hihai_hi_ot,1,0,0,0,,,
617,main_hini_hikhel_hiraha_hijao_hitumlog_hisirf_hifielding_enhi_hikaraate_hiho_hi_otkattipic_hi_ottwitter_en_otcom lhwsxenhya_hi,1,0,1,0,,,
2555,hello_enmeru_hicab_en_otek_hihindu_hibrahmin_hidriver_enbhejo_hijaldi_hi_otairport_enjaana_hihai_hifarzipatrakarravishkumar_ot,0,1,1,1,,,
1941,kya_hiabb_hiup_enme_hiplayers_enka_hiselection_enbhi_hiyogyata_hipar_hinahi_hibalki_hiunki_hicaste_enke_hibasis_enpar_hihoga_hi_ot,0,0,0,0,,,
2972,jamai_hiraja_hi_otkumkum_hibhagya_hi_otdiya_hiaur_hibaati_hihum_hietc_enetc_en_otthingsthatuniteindians_ot,1,1,1,0,,,
2961,mein_hitumhare_hipyaar_hime_higadkari_hiji_hike_higarden_enki_hisabjiya_hikha_hisakta_hihu_hisanghiemo_ot,1,1,1,1,,,
2840,_otkanpur_en_otshe_ento_hiher_enbf_en_otchup_hichup_hikhade_hiho_hizaroor_hikoi_hibaat_hihai_hipasser_en_otby_en_otkoi_hibaat_hinahi_hihai_hi_otbhosdike_hike_himuh_hime_higutkha_hidaba_hihai_hi,1,1,1,1,,,
2136,phelps_enphelps_enphelps_enphelps_en_otusa_enusa_enusa_enusa_enusa_enusa_en_otteamusa_otolympics_ot,0,0,0,0,,,
1405,violence_enpaap_hihai_hi_ot,0,0,0,0,,,
884,log_hitwitter_enpe_hiaake_hibook_enlikh_hidete_hihai_hi_otyahan_hiek_hitweet_endimag_hime_hinahi_hiaati_hi_ot,1,1,1,1,,,
3386,naari_hishakti_hi_otshettypic twitter com rkt35eq4zv_ot,0,0,0,0,,,
298,colgate_ensensitive_ende_hijhanjhanahat_hise_hirahat_hi_otthoda_hiisse_hialka_hilamba_hike_hisar_hipar_highissa_hido_hi_ot,1,1,1,1,,,
586,kitne_hibhi_hibade_hiinsaan_hiban_hijao_hi_otpani_hipuri_hiwale_hike_hisamne_hitoh_hikatora_hifailana_hihi_hipadta_hihai_hi_ot,1,1,1,1,,,
1055,uth_hijaa_hibeta_hi_otye_hizameen_hivadra_hisahab_hiki_hihai_hi_otpic_hi_ottwitter_en_otcom hu0ozngn1j_hi,0,1,1,0,,,
2671,_ot_otto_hiphir_hirishta_hipakka_hisamjhen_hi_ot,0,0,0,0,,,
1129,engineering_encollege_enke_hibahar_hipaan_hiki_hidukan_hiwala_hiengineer_ense_hijyada_hikamata_hihai_hi_ot,1,0,0,0,,,
1099,ladki_highumao_hi_otchakri_hinahi_hi_otdiwalimessage_ot,1,0,1,1,,,
3019,shikaari_hi_ottroller_hi_otkhud_hiyaha_hishikaar_hi_ottroll_en_otho_higaya_hi_otna_hijaanu_himein_hi_otna_hijaane_hitu_hi_ottwitter com 1qaza7m87e_ot,1,1,1,1,,,
1404,watson_enke_hikaan_hime_hidheere_hise_hiwahab_hiriaz_hito_hibol_hike_hiaao_hikoi_hi_ot,1,1,1,1,,,
716,amitabh_otbachchan_hi_otzabooooogaaaabaadooombaaaaaaa_hi_otthe_higreat_enkhali_hi_othulla_hibambhjaa_hipinglaromba_hirekhaaaa_hi_otamitabh_ot_otbhai_hitu_hijeeta_hi_ot_ot_ot_ot_ot,1,1,1,1,,,
1534,sab_hichhodo_hiabd_hiki_hibatting_endekho_hiagainst_enwi_en_ot50_otof_en16_otballs_en_ot,0,0,0,0,,,
2014,aag_himoot_enrahe_hihain_hijaddu_hibhai_hi,0,0,1,0,,,
331,rj_hiyaar_hihamare_hicute_enbachche_hihote_hi_ottumne_hikyu_hibewafai_hiki_hi,1,0,0,0,,,
3394,teacher_enji_hi_ot20k_otki_hibadhai_hi_otceleb_hiban_higayee_hiho_hi_othum_hijaiso_hiko_hibhool_himat_hijana_hi,0,1,1,0,,,
2186,2_otmahine_hiki_hichutti_hipar_higaye_hihai_hirahul_otji_hi_otkhargepic_hi_ottwitter_en_otcom tcnlofywp6_hi,0,1,1,1,,,
3102,apne_hideewane_hika_hikar_hide_hibura_hihaal_hire_hi,0,0,0,0,,,
2994,shikhar_hide_hivilliers_hidhawan_hi_otindvssa_ot,0,0,1,1,,,
627,bjp_hiko_hipublic_enne_hipurn_hibhumt_hise_hijitaya_hikyo_hiki_hicaste_enchemistry_ennahi_hivikas_hiaur_hiyuva_hiko_hirojgar_hichahiye_hiye_hibjp_hiko_hinahi_hibhulana_hichahie_hi,0,0,0,0,,,
1185,kabhi_hiye_hibhi_hibatao_hikitne_hibrahmin_hibaniya_hikshatriyon_hiko_himuslim_hin_hidalit_hine_himara_hiloota_hirape_enkiya_hin_hicase_enkiya_hiwat_hicaste_enof_enbuland_hi,0,0,0,0,,,
1318,misbah_hito_hibutler_en_otkuch_hiacha_hisa_hikhila_hido_hiyaar_hi_othaar_higaye_hi_ot_ot_otshoaib_hiakhter_hi_ottu_hirehem_hikha_hi_otrehem_hi_otusi_hike_hilayak_hihai_hiausvpak_ot,1,1,1,1,,,
174,prem_hiratan_hisun_hipaayo_hijadoo_ot,0,0,0,0,,,
3016,nahi_hichahiye_higundo_hiki_hihahakaar_hibadliyesarkarbadliyebihar_ot,1,0,0,0,,,
537,teri_hiamma_hikisse_hirangreliya_himana_hirahi_hithi_hiki_hitu_hiyahan_hipahuch_higaya_hiupper_encaste_enke_hikutte_hi,0,0,0,0,,,
3191,sach_hito_hiyahi_hihai_hiki_hiolympics_himai_hihame_hiab_hitak_hikoi_hibhi_himedal_ennhi_himila_hi_otbharat_hise_hikitne_hichote_hichote_hidesh_hijo_himedal_enpane_enmai_hisafal_hihue_hi_ot,0,1,1,1,,,
1734,aa_higaya_hihathyaar_hi_otpic twitter com 3bniwvwcrq_ot,0,0,0,0,,,
304,barkha_hiaunty_hijo_hibhi_hisoche_hihumko_hikarna_hikya_hi_ottrooolll_hikiya_hitoh_hidarna_hikya_hi_ot,1,1,1,1,,,
3217,jee_hikarda_hi_otmarjaniya_hi_otbadlapur_otonloop_ot,0,0,0,0,,,
1665,pakistani_engirl_en_ot_ot_otmujhe_highar_hidrop_enkar_hidoge_en_ot_otpakistani_encricketer_en_ot_ot_otdrop_enkarna_hitoh_himeri_hikhaasiyat_hihai_hi_otausvpak_ot,1,1,1,1,,,
1141,saath_hime_hidubsmash_hibhi_hiban_hikar_hido_hi_ot,0,0,0,0,,,
1128,holi_hike_hirang_himain_hidooba_hideshpic_hi_ottwitter_en_otcom 2i8afgmgar_hi,0,0,1,0,,,
2945,_othaan_hisir_en_otbut_enkuch_hikuch_hiaisa_hiviolence_enhote_hihain_hijo_himain_hihate_enkarti_hihun_hiaur_hidilse_hihate_enkarti_hihun_hi_ot,0,0,0,0,,,
302,pandya_hi_otsaare_hipaap_hidho_hide_hi_othero_enban_hija_hiagle_hiworld_encup_entak_hike_hiliye_hi_ot,0,0,1,1,,,
208,chaai_himein_hikaunsa_hidonut_endubakar_hikhaogi_hi_otnotagoodconversationstarter_ot,1,1,1,1,,,
2717,ladke_hiwale_hi_otdahej_himein_hikya_hidoge_en_otladki_hike_hipapa_hi_otsamdhiji_hihum_hibade_hilog_hinahi_hihai_hi_otdahej_himein_hitoh_hihum_hiaapko_hisirf_himuh_himein_hihi_hide_hisakte_hihai_hi,1,1,1,1,,,
37,aaj_hiblue_enhai_hipaani_hipaani_hipaani_hipaani_hipaani_hipaani_hi_otaur_hichutiya_hihoney_enhoney_enhoney_enhoney_enhoney_enhoney_en_ot,0,1,1,1,,,
328,mattar_hichheelne_hiko_hibolo_hitoh_hihota_hinahi_himaharani_enji_hise_hi_otnaina_hichhilwa_hikar_hibethi_hihain_hi_otsome_enindian_enmom_ensomewhere_enprobably_en,1,1,1,1,,,
2187,seedha_hibolun_hito_hi_otke_hiless_enthan_en10_otmemes_hidekh_hike_hipure_hiadarshliberal_ottoli_hiki_hifati_hipadi_hihai_hi_ot,1,1,1,1,,,
1844,things_enblamed_enfor_enrapes_enin_hiindia_en_ot_otmanchurian_en_otcondom_enads_en_otladki_hine_hi_otbhaiyya_himujhe_hijaane_hido_hi_otnahi_hibola_hi_otsantoor_himom_en_otfalooda_hi,1,1,1,1,,,
569,highness_ottumhari_hikya_hicaste_enhai_hi,0,0,0,0,,,
2483,pehle_hipyar_hika_hipehla_hibum_en_otaa_hibhi_hijao_hiwarna_hiro_hidenge_hihum_hi_ot,1,1,1,1,,,
2161,mera_hinaam_hipen_ense_hihi_hilikh_hilo_hikoi_hiapne_hihaath_hipar_hiemo_ot,0,1,1,1,,,
3202,yeh_hifootball_enplayers_enke_hinaam_hiitne_hidifficult_enhote_hihai_hikabhi_hikabhi_hisochta_hihoon_hiunke_higharwale_hiyaad_hikaise_hirakhte_hihonge_hi,1,1,1,1,,,
2334,rajesh_hine_hihamesha_hivivek_hise_hikaam_hiliya_hi_ot,0,0,0,0,,,
1365,avataram_othazaro_hike_hibich_hime_hiisi_hise_hicaste_enpucha_higya_hi_otaisi_hishikayat_hikisi_hior_hine_hini_enki_en_otnaya_hinatak_hichalu_hi,0,0,0,0,,,
3194,zindagi_hiek_hisafar_hihai_hisuhana_hi_otyahan_hisabko_hiapni_hihai_himarana_hi_ot,0,1,1,1,,,
967,khatam_hiho_higaya_hisaifu_hi_otlog_highar_hichale_higaye_hihain_hiaur_hihamne_hibhi_hichannel_enchange_enkar_hidiya_hihai_hi_otchup_hiho_hija_hi_ottujhe_hikareena_hiki_hikasam_hipls_hichup_hihoja_hi,0,1,1,1,,,
1284,asli_hisamajwadi_hitoh_hiyahi_hiyadav_hihai_hiwaise_hi_ot,1,0,0,0,,,
995,dasha_en_otdavai_hi_otrio2016_otolympics_ottennis_otrus_otkasatkina_ot,0,0,0,0,,,
827,_ot_otallah_hito_hisyria_enjaakar_hi_otitne_hideewane_hidekh_hikar_hi_otgayab_hihi_hiho_higaye_hi_otaaj_hitak_hidikhe_hinahi_hi,0,1,1,1,,,
2213,india_en_otnaam_hise_hiapne_himeri_hicaste_enko_hiimagine_enkiya_hihoga_hi_otab_hicity_enbtaugi_hito_hiaap_hikisi_hiaur_hilevel_enper_hipahuch_hijaoge_hi_ot,0,0,0,0,,,
2293,bjp_hiup_enjeet_higayee_hi_otji_hiabhi_hicaste_enbased_encalculation_enkar_hirahi_hihai_hi_othudd_hihai_hi,0,0,0,0,,,
1356,fssai_hiwale_hiagar_hiashutosh_hike_hibrain_enki_hibiopsy_enkaren_hito_hiusme_himaggi_ense_hizyada_hilead_enmilegi_hi_ot,1,1,1,1,,,
258,chacha_hi_otmanipur_himilitants_enkilled_en_otshok_hisabha_hiki_hitaiyari_hikaro_hi_ot,0,0,0,1,,,
657,aur_hiyeh_hipatak_hike_himaara_hihai_hi,0,0,0,0,,,
1067,pandya_hihain_hi_otpandu_hinahi_hi_otindvssl_ot,0,0,0,0,,,
1611,haan_hibhencho_hiharamkhoron_hikoi_hiladka_hiho_hitoh_hibhi_hichalega_hi_otbeer_enpilaunga_hibhosdiwalon_hi_otaakar_hihi_hibola_hi_othere_entill_en10pm_ot_otmannkibaat_ot,1,1,1,1,,,
2126,soldier_enstanding_enbehind_enis_hithinking_en_otchutti_hito_himujhe_hibhi_hichahiye_hipar_himajor_ensaab_hine_hito_himathuradas_hiki_higaand_hikhol_hidi_hi_ot_otpic twitter com wkygrbd7lr_ot,1,1,1,1,,,
732,hamein_hiaur_hijeene_hiki_hikhwahish_hina_hihoti_hi_otagar_hirum_enna_hihote_hi_ot,1,0,0,0,,,
2917,be_hisomeone_en_ots_hi_otab_hipata_hichalega_hibhen_hike_hilode_enko_himujhse_hipanga_hilene_hika_hinateeja_hi_ot,1,1,1,1,,,
3159,_ot_otmadamji_hikalse_hikaunsa_hinasha_hikiye_hihain_hiaap_hi_otkuch_hihumein_hibhi_hidijiye_hi,0,1,1,1,,,
211,maam_hi_otaap_hiitne_higire_hihue_hiho_hiki_hikrk_hiaapse_hisaamne_hisensible_enlagta_hihai_hi,1,1,0,1,,,
2004,kejriwal_otis_himiffed_enwhy_endelhi_enis_hihalf_enstate_en_otit_en_ots_hilike_en_otmujhe_hiaddha_hikyon_hidiya_himujhe_hipoora_hikhamba_hipeena_hihai_hi_ot_otbahi_hishukar_hikaro_hipauva_hinahi_hihai_hi_ot,1,1,1,1,,,
1283,friday_enfaking_enrelease_en_otphir_hibhi_hidil_hihai_hihindustani_hi_ot_oting_hirahul_otgandhi_ot_otpic twitter com ia1vcjmg6q_ot,0,1,1,1,,,
1335,4bestwordsever_ot_otachcha_hichalo_hikar_hilo_hi_ot,0,0,0,0,,,
1246,bhencho_hi1_otbacche_hiki_hinursery_enki_hifee_en30k_othai_hi_ot4_otbacche_hipaida_hikarke_hibhikh_hihi_himangni_hipadegi_hi_ot,1,1,1,1,,,
3175,hi_hi_ot_otachhi_hiitem_enchahiye_hi_otshaadi_hikarne_hiko_himaangtay_hi_otdene_hika_hibhaav_hibatao_hi,1,1,1,1,,,
686,i_hilove_enstarbucks_hiya_hi_othaan_hikalmuhi_hi_ottere_hibaap_hine_hijo_hipaise_hikamaye_hirakhe_hihai_hitere_hiliye_hi_ot,1,1,1,1,,,
1630,kanhaiya_hi_othumein_hichahiye_hi_otazadi_hi_othum_hile_hike_hirahenge_hi_otazadi_hi_otbhagat_hisingh_hi_otwoh_hiteri_hibhabhi_hihai_hipagle_hi_ot,1,1,1,1,,,
1306,maa_hi_otbaap_hiki_hiizzat_hikaro_hi_otmother_enteresa_en_otgandhiji_hiaka_enbaapu_hi_otapne_himaa_hibaap_hise_hipucha_hithat_enke_hiis_hidharm_himein_hikyu_hijanm_hidiya_hi_ot,0,1,1,1,,,
2235,jiggar_othum_hine_hipehlay_hijenkins_enk_higender_enko_hikhatray_himain_hidaala_hi_otkamyaab_hihuay_hi_otab_hi_otki_hibaari_hi_otd_hi,0,0,0,0,,,
3317,sau_himein_hise_hiek_hibaat_hi_otye_hichutye_hijo_hiraat_hi2_otbaje_hiaur_hisubah_hiuth_hikar_hinamo_hiji_himain_hiaapka_himuh_himein_hile_hilunga_hi_otkejri_otji_hiaap_hisahi_hiho_hi_otye_hichutye_hihai_hi_ot,1,1,1,1,,,
38,agar_hidubai_enke_himall_enmein_hijaakar_hi_otsports_encar_enke_hishowroom_enmein_higaadi_hike_hisaath_hiphoto_ennahi_hikhcichayi_hitoh_hiindian_ennahi_hiho_hitum_hi_ot,1,1,1,1,,,
386,bas_hikaro_hiharamzado_hi_otretire_enhue_hibhi_hizamana_hiho_higaya_hi_otab_hitoh_histop_enmilking_enmepic_hi_ottwitter_en_otcom ewho9pumnz_hi,0,1,1,1,,,
1983,insan_hipadna_hisikho_hicaste_ense_hilog_hin_hipahchanne_hijate_hisamjhe_hi,0,0,0,0,,,
2918,isse_hiaccha_hisound_ensystem_ento_hihamare_himuhalle_hime_hiraja_hidarbar_hibandwala_himata_hiraani_hike_hijagrate_hime_hilagata_hihai_hi_otiplopeningceremony_ot,1,1,1,1,,,
798,pakistan_enwaley_hiaaj_hibhi_hiphatakey_hinahi_hiphor_hipaengay_hi_ot,0,0,1,0,,,
1598,uae_hiwale_hikhud_hike_hikuon_hika_hitel_enlaga_hikar_hiaaye_hihai_himarwane_hike_hiliye_hi,1,1,1,1,,,
713,aaj_higandhi_otbapu_hizinda_hihote_hito_hirahul_otgandhi_otko_hisaath_hileke_hiloc_hipar_hijate_hiand_ennon_enviolence_enka_hilecture_endete_hi_otterrorist_ensurrender_en,0,0,0,0,,,
562,paisa_hikya_hihai_hi_otaaj_hihai_hikal_hinahi_hi_otparso_hihai_hi_otbaburao_higanpatrao_hiapte_hi,1,1,1,1,,,
2138,achcha_hihua_hilight_enchali_higayee_hi_otaaj_hito_hipoorey_hi1_otghante_hiaaye_hi_otmujhe_hiaadat_hinahi_hidaalni_hilight_enki_hitweetlikeapakistani_ot,1,1,1,1,,,
2114,modi_ot_otye_hizameen_hibhi_hi_otman_hi_othaan_hisir_en_otye_hisaari_hizameen_hivadra_hisaab_hiki_hihai_hi_otpic_hi_ottwitter_en_otcom pff4lzzfkb_hi,1,1,1,1,,,
2148,bhai_hiaccha_hihua_hihamne_hisab_hiinvestment_engujarat_enmein_hihi_hiki_hihai_hi_otpanamapapers_otpanamaleakspic twitter com 27gmiep5ev_ot,0,1,0,1,,,
831,vodafone_hika_hinetwork_enaccha_hiaaye_hiiske_hiliye_hivrat_hirakhna_hipadta_hihai_hikya_hi_ot,1,1,1,1,,,
2429,bihar_hime_hibahaar_hiho_hitantrik_hisarkaar_hiho_hi_otkyu_hinitish_hiji_hijawaab_hidijiye_hiyonitishsotantrik_ot,1,1,1,1,,,
1751,yahan_hihar_hikoi_hijudge_enhai_hiwithout_ena_endegree_en_ot,1,0,0,0,,,
3360,meanwhile_en_otlonely_enlove_enpoets_enon_entl_enbe_hilike_en_otek_himasala_hichai_hiki_hipyaali_hiho_hi_otkoi_hiusko_hipilaane_hiwali_hiho_hi_ot,1,1,1,1,,,
1207,koi_hitujhse_hiachhi_hipategi_hinahi_hikoi_hitujhse_hikam_hibhi_hichalegi_hinahi_hihimeshisgod_ot,1,1,1,1,,,
492,is_hiayushman_hikhurana_hiplaying_enranbir_hikapoor_hiin_hihawaizade_hi_ot,0,1,1,1,,,
3129,jaise_hiholi_hipar_hipurane_hikapde_hipehen_hikar_hirang_hikhelte_hihain_hiwaise_hihi_himatch_enke_hibaad_hipurani_hicrt_entv_enphodi_hijaati_hihaipic_hi_ottwitter_en_otcom edyzwlk1ao_hi,0,1,1,1,,,
3046,kangana_hitera_hini_hi_otsaanu_hikariye_hiishaare_hi_ot_othrithik_hiroshan_hito_hiaditya_hipancholi_hi,1,1,1,1,,,
1562,_otbarkha_hidutt_hisinging_enfor_enar_enrahman_hi_otbeirut_enaa_higayi_hire_hi_otbeirut_enchha_higayi_hire_hi_otpili_hipili_hisarson_hiphule_hi_ot,1,1,1,1,,,
268,pakistan_enmadarchod_hihai_hi_ot,0,0,0,0,,,
483,duniya_hisalman_hike_hipeeche_hi_otaur_hisalman_himere_hipeeche_hi_ottoo_enmuch_enfun_en_othahahaa_hi_otharish_hisalve_ensalmanverdict_ot,1,1,1,1,,,
2688,ye_hisab_himodiji_otki_hichaal_hihai_hiji_hi_otkejru_hi,0,0,0,0,,,
999,kab_hitak_hichalau_himain_hihaath_hi_otaa_hiaa_hihaath_hi_otkab_hitak_hichalu_himain_hihaath_hiaa_hiaa_hiaa_hihaath_hi_otkoi_hiladki_hinahi_hihai_hiai_hiai_hiai_hi_otchain_enek_hipal_ennahi_hisaiyoneee_ot,1,1,1,1,,,
252,south_enafrica_ense_hina_hito_hidosti_hiacchi_hihai_hiaur_hina_hihi_hiduminy_hi_ot,0,1,1,1,,,
1003,kuch_hibhi_hibolo_hianushka_hibhabhi_hihot_enlag_hirahi_hihai_hi_ot,0,1,0,0,,,
3227,kargil_himein_hichaddi_hinikali_hithi_hi_otaaj_hibamboo_ense_himaara_hi_ot,1,1,1,1,,,
1445,pyaar_hi_ot_otkasam_hi_otkasam_hi_otkasam_hi_ot_ot_ot_ottumse_hikasam_hiki_hikasam_hihai_hikasam_hise_hi_othumko_hipyaar_hihai_hisirf_hitumse_hi,1,1,1,1,,,
1077,_ot_otbeti_hivyahni_hihai_hikya_hi_ot,0,0,0,0,,,
1374,ameesha_hi_otkaho_hinaa_hipyaar_hihai_hi_otkaho_hinaa_hipyaar_hihai_hi_othrithik_hi_otnew_enphone_enwho_endis_en_ot,1,1,1,1,,,
54,chara_enchor_hi_otchindi_hichor_hiaur_himrs_enmaili_hisab_hiaaj_hibihar_hime_hikar_hirahe_hiapmanrallypic twitter com mv0df7pmpu_ot,0,1,1,0,,,
284,reporter_en_otsir_endaroo_hipeene_hika_hisahi_hitareeka_hikya_hihai_hi_otkejriwal_ot_otsmall_enmilate_hijao_hi_otlarge_enbanate_hijao_hi_otpic_hi_ottwitter_en_otcom twjdurjhxa_hi,1,1,1,1,,,
2848,paise_hilekar_hijumlababu_ottrend_enkarne_hiwalo_hi_otyaad_hirakhna_hiupar_hijaake_hibhagwaan_hiko_hijawaab_hibhi_hidena_hipadega_hiiska_hi,1,1,1,1,,,
263,auto_enwala_hitraffic_enko_hiitni_higaali_hide_hiraha_hihai_hijaise_hiaaj_hihi_hieurope_ense_hiaaya_hiho_hi_ot,1,0,1,1,,,
2081,love_entyohaar_hika_hikhana_hirakshabandhanpic twitter com vebymo7hte_ot,0,0,0,1,,,
602,kitni_higaaliya_hibolte_hiho_hibhencho_hitum_hilog_hi_ot,1,0,0,0,,,
2519,special_enplace_enin_hihell_enfor_enpeople_enwho_ensay_hi_otbas_hibhai_hiaapke_hiraaj_hime_hijee_hirahe_hihai_hi_ot_ot_otmere_hiraaj_hime_hijee_hiraha_hihai_hito_himere_hihi_hiraaj_hime_himar_hijaa_hi_otgandu_hi_ot,1,1,1,1,,,
2092,batao_hi_otmelody_enitni_hichocolatey_hikyon_hihai_hi_otsorry_en_otaaj_himera_hibullshit_enka_hivrat_hihai_hi_ot,1,1,1,1,,,
205,shareer_hiko_hichahiye_himinerals_entwacha_hiko_hichahiye_hihaldi_hibaalon_hiko_hichahiye_hibadaam_hiullu_hibana_hine_hike_hiliye_hichahiye_hiadvertisements_en,1,1,1,1,,,
1563,dil_himein_hi1_otaug_ensi_hihai_hi_ot,0,0,0,0,,,
2689,unmukt_hichand_hiis_hithe_hinew_envirat_otkohli_hiin_himaking_en_otclass_otrcbvsmi_ot,0,1,1,0,,,
1874,ya_hiaadhi_hiaaplya_himulaanna_hikitti_hihi_hipolio_enche_hidoze_endili_hiasli_hitari_hi_otparyat_hiekda_hi_otmaushi_hichi_higaand_hiye_hikisne_hilikha_hiscript_enrememberingjagguda_ot,1,1,1,1,,,
1758,nitish_hiji_hisarkaar_hinahi_hi_otagents_enko_hichala_hirahe_hihai_hinitishkaagentpratyayaamrit_ot,1,1,1,1,,,
309,he_hi_otmain_hitumhare_hiliye_hitaare_hitod_hilaunga_hi_otstars_en_otwoh_hidekh_hichutya_hi_otbro_enfist_en_othaha_ot,1,1,1,1,,,
759,ha_hito_hishi_hih_hina_hi7_otor_hi2_otka_hidiffrence_hijo_hih_hiwo_hipta_hihoga_hiq_hih_hi_otqki_hiyadav_hik_hialawa_hibhi_hicaste_enh_hijo_hiki_hiakhilesh_hiyadav_hibhul_higye_hithe_hi,0,0,0,0,,,
3055,dangal_hikal_hise_hi_otchutyaapa_hiaaj_hise_hi_otaamirkhan_ot,1,0,1,0,,,
2813,yo_enyo_enhoney_ensingh_hi_otupar_hiupar_hiupar_hiupar_hiupar_hiupar_hiin_hithe_hiair_en_otashok_hidinda_hi_otok_hi,1,1,1,1,,,
1083,doobte_hiko_hiad_hihominem_hika_hisahara_hi,0,0,0,0,,,
1380,sir_en_otdominos_hika_hipizza_enmangwa_hilo_hidinner_enme_hi_otaajkal_hismall_enme_hibhi_hicheeze_hiburst_enaa_hiraha_hihai_hi_ot,1,1,1,1,,,
1918,publicitystunts_otstupid_otmumbai_otolympics_ot_otkyuki_hishobha_hinai_hideti_hiaisi_hibaatein_hipic twitter com migst2757j_ot,0,0,0,0,,,
2978,_ot_otrahul_otgandhi_otis_hion_endo_hi_otpe_hi,0,0,1,0,,,
2743,in_hienglish_en_otit_en_ots_hiaapbreakup_otin_hihindi_en_otit_en_ots_hi_otjhaadu_hike_hitinke_hibikhar_higaye_hi_ot_ot,1,1,1,1,,,
597,_otroadies_endelhi_enaudition_en_otraghu_hi_otaaj_hitak_hikuch_hiadventurous_enkiya_hihai_hi_otguy_en_otsir_enmain_hiroz_hithande_hipani_hise_hinaha_hiraha_hihoon_hi_otraghu_hi_ot_otroadies_ensalute_en_ot,1,1,1,1,,,
248,aaj_hikhane_himein_hikya_hibanau_hi_ot_otbas_hiconsent_enchal_hijayega_hi_ot,1,0,1,0,,,
2599,_ot_otbhabhi_hiji_hisahi_hikaha_hiaapne_hi,0,0,0,0,,,
850,koi_hidoodh_hika_hidhula_hinahi_hihai_hiyaha_hi_otsab_hibeer_enke_hidhule_hihai_hi,1,1,1,1,,,
1205,kitna_hibhi_hibahar_hiwale_himodi_otji_hiko_hipraise_enkuch_himaa_hike_hilode_enindians_en_otaaptards_hiand_enliberals_en_otunhe_hihamesha_higaali_hidete_hirahenge_hiso_enwhats_enthe_hipoint_en,1,1,1,1,,,
1804,_ot_otjaa_hibhai_hisawari_hidhoond_hi_ot_ot,0,0,0,0,,,
2624,ladke_hikya_hiraksha_hikarenge_hi_otaaj_hitoh_hidesh_hiki_hibetiyon_hine_hilaaj_hibacha_hili_hiindia_enki_hiolympics_enmein_hi_otpvsindhu_otbadminton_otsakshimalik_otrio2016_ot,0,0,0,0,,,
1252,shivaji_hipark_enkids_en_otmumbai_hiindians_en_ot,1,0,0,1,,,
3280,kyun_hi_otnahana_hihai_hi_otrt_enrt_otyaar_hiholi_hikab_hihai_hi_ot,0,0,0,0,,,
1466,tumhara_hikutta_hitumhari_hibilli_entumhara_hinephew_entumhara_hisoft_entoy_ensab_hiaww_hiso_encute_enahi_hibehen_hi_otbas_hihamein_hina_hidikhao_hi_ot,0,1,1,1,,,
1704,har_hisaal_hibudget_enho_hiya_hina_hih_hi_otladkiyon_hika_hibhaav_hibas_hibadta_hihi_hijaa_hiraha_hihai_hi_ot,1,1,1,1,,,
1679,de_hidi_hihamein_hiazaadi_hibina_hi_ot_otbina_hibaal_hi_otsabarmati_hike_hisant_hitune_hikar_hidiya_hikamaal_hi_ottensionnahilenekacircuit_otbapuhaina_ot,1,1,1,1,,,
372,madarchod_hiraat_hiko_hi12_ot_ot30_otbaje_hi10000_otki_hilad_hikyu_hijala_hirahe_hiho_hibhosdike_hi,1,1,1,1,,,
261,dilwale_hidulhaniya_hiwapas_hile_hijaao_hi_otupcomingsequels_ot,1,0,1,1,,,
2448,achhe_hitweets_enki_hitoh_hikadar_hihi_hinahi_hihai_hibhencho_hi,0,1,0,1,,,
2934,farzi_hipm_enfarzi_hicaste_enfarzee_hichaiwala_hifarzee_hishadi_hifarzee_hivikas_hifarzee_hidegree_enfarzee_hiitihas_hifarzee_hisuportrs_hifarzee_hideshbhakty_hipmfarzidegree_ot,0,0,0,0,,,
1575,_otki_hibaatein_hishobha_hinahi_hideti_hiolympics_ot,0,0,0,0,,,
2603,ha_hiterrorist_enkaise_hiho_hisakta_hihai_hicaste_ento_hidekh_hilo_hibhayya_hipehle_hi,0,0,0,0,,,
1976,ye_hiishq_hinahi_hiaasan_hibas_hiitna_hisamajh_hilije_hi_otchutyaap_hika_hidariya_hihai_hiaur_hichud_hike_hijaana_hihai_hi_ot,1,1,1,1,,,
729,_otayesha_hizubair_hiqureshi_himere_hifather_enka_hiname_enaur_hicaste_en,0,0,0,0,,,
3348,_ot_othaan_hibc_enyahi_hibaaki_hireh_higaya_hihai_hibaad_himein_hishahid_hihone_hiabhi_hibolega_hitu_hi,1,1,1,1,,,
1013,_ot_otftii_hike_hisenior_encitizen_enab_hiaward_enke_hikarenge_hibhi_hikya_hi,0,0,0,0,,,
1508,paytm_hikaro_hiaise_higaate_hihai_hijaise_hifree_enmein_hisab_hide_hirahe_hihai_hi_ot,1,1,1,1,,,
958,in_hishort_en_otno_enwar_hiis_himore_enlethal_enthan_encaste_enwars_en_otchaavulo_hivijayam_hianta_hi_otaiyyo_hi_otkanche_ot,0,0,0,0,,,
789,dhoni_otke_hicharacter_enpar_hishaq_himat_hikaro_hibey_en_otgalti_hiladko_hise_hiho_hijaati_hihai_hi,1,1,0,0,,,
3007,_otcaste_enhai_hior_hiwo_higai_hijaat_hijinhe_hipunjabi_hicm_enbarsasht_hinahi_hi_othum_hipunjabi_hine_hito_hi50_otsaal_hise_hinahi_hisocha_hiki_hijaat_hicm_enhai_hi,0,0,0,0,,,
2064,rahane_hime_himeri_hitest_enwali_hitweet_enpadh_hili_hi_otlol_hisenti_hiho_higaya_hi_otachcha_hihai_hi_ot_ot,0,1,1,1,,,
596,jab_hitak_hi_ot_otrahenge_hi_otriots_en_otmob_enviolence_enhoye_hirahenge_hi_otkyuki_hiinki_hirozi_hiroti_hiyahin_hise_hiaati_hihai_hi_otso_enlet_en_ots_histarve_enthem_ennow_en,0,0,0,0,,,
1288,dilli_himein_hikiran_hiaye_hiya_hikejriwal_otlekin_hiup_enmein_hijab_hitak_hichootiye_hizinda_hihain_himulayam_hihi_hiata_hirahega_hi_ot,1,1,1,1,,,
1151,malai_hichop_enka_hinashta_hipic twitter com dsd1fal8dl_ot,1,0,0,0,,,
2836,anurag_hikashyap_hi_ots_himahabharat_hi_otnawazuddin_hisiddique_hias_hiarjun_hikilling_enduryodhan_hiwithin_enfirst_en5_otmins_hiof_enthe_himovie_enwith_enhis_engaalis_hi_ot,1,1,1,1,,,
1608,rashtrapati_hibhavan_hihas_enjust_enone_enloopic_hi_ottwitter_en_otcom w9ldydgchz_hi,0,0,0,0,,,
2392,airtel_hika_hi4g_otnetwork_enkam_hi_otfarji_hinetwork_enzyaada_hihai_hi_ot,1,0,1,0,,,
69,utha_hija_hibhai_hi_ottweet_ennahi_hikarna_hikya_hi_ot,0,0,0,0,,,
3084,bhaag_hidipa_hibhaag_hipachad_hisakshi_hipachad_hismash_ensindhu_hismash_enrio2016_otindiaatrio_otolympics_otindia4sindhu_otdipakarmakar_otsakshimalik_ot,0,0,0,0,,,
339,agar_hichaar_hiladkiyon_hine_hibhai_hiko_hilootna_hihi_hitha_hitoh_hiuske_hipaise_hinahi_hijawaani_hiloot_hite_hi_otbechara_hivirgin_en_ot,1,1,1,1,,,
2596,jor_hise_hipoetry_enlagi_hihai_hi_ot,0,0,0,0,,,
2583,woh_hidekho_hi_otchota_hibheem_hi_ot_otsmall_enkidpic_hi_ottwitter_en_otcom 5appvmv3tm_hi,0,1,1,0,,,
526,tl_enpar_hikhushi_hiki_hilehar_hidaud_higayee_hi_otgayle_enke_hijaate_hihi_hi,0,1,1,1,,,
1329,indian_enidol_enwalon_hi_otjab_hipakana_hihi_hitha_hito_hisonakshi_hisinha_hikyon_hi_otsonali_hibendre_hiko_hirakh_hilete_hi_otkam_hise_hikam_hishakal_hito_hiachhi_hithi_hi_ot,1,1,1,1,,,
393,matdaan_hiki_hiparchi_hileke_hiraho_hitaiyaar_hibadliyesarkarbadliyebihar_ot,0,0,0,0,,,
1334,kal_hise_higaali_hibolna_hiband_hibhencho_hi_ot,0,0,0,0,,,
636,yahan_hijihad_enbhi_hilove_enwala_hihota_hihai_hi_otye_hihai_himera_hiindia_en_ot,0,0,1,0,,,
1865,aisa_hilag_hiraha_hihai_hi_otbeti_hiki_hishaadi_hihai_hiaur_hiaakhiri_hime_hitent_enwaala_hiphone_enuthana_hiband_hikarde_hi_otwtf_hihindi_encommentary_en_otwt20final_ot,1,1,1,1,,,
387,_otram_otkirpal_hiji_hiko_hitumne_hichhora_hinahi_hipariwar_hike_hiaage_hi_otcaste_enka_hibaat_hikarta_hihai_hilomri_hikahika_hi,0,0,0,0,,,
2486,sangakkara_hiaur_hijayawardene_hike_hikitne_hiretirements_enbaaki_hihain_hi_othar_hi4_otmahine_hime_hiekaadh_hibar_hito_hile_hihi_hilete_hihain_hi_ot,1,1,1,1,,,
2115,_ot_otwoh_higande_hi_otaur_hitum_hichutiye_hibande_hi_ot,0,0,0,0,,,
2197,ind_envs_enpak_himatch_enbarkha_hidutt_hike_hiliye_hidil_hiaur_hidimag_hiki_hiladai_hihai_hi_otdimag_hiindia_enke_hisath_hiaur_hidil_hipakistan_hike_hi_ot,1,1,1,1,,,
2085,_ot_otsir_en_otresult_endekhne_hike_hiliye_hitoh_hivote_enkar_hido_hi_otaap_hileading_enho_hirespect_ot,0,0,0,0,,,
2984,kaale_hineta_hika_hikaala_hijaadu_hiyonitishsotantrik_ot,1,0,0,1,,,
3187,_ot_otbadhai_hiho_hisir_enaap_hipapa_hiban_higaye_hi_ot,0,0,0,0,,,
285,o_hino_enno_en_otmaine_hipee_hinahi_hihai_hi_otno_en_otmaine_hipee_hinahi_hihai_hi_othaanji_hi_otmainu_hipila_hidi_higayi_hihai_hi_otpila_hidi_higayi_hihai_hi_otjo_hibhi_hihai_hisahi_hihai_hi_otmaza_hiaa_hirahi_hihai_hi,1,1,1,1,,,
2560,_ot_otaapke_hipaas_highadi_hihai_hi_otshakalse_hilagta_hihai_hiaap_hikisi_hiraah_hichalte_hise_hihi_hiwaqt_hipuch_hilete_hiho_hi,1,1,1,1,,,
2799,_otmard_hiya_hiaurat_hilalchi_hinhi_hihota_hi_otlalchi_hi_otinsan_hi_othota_hihai_hikoi_hib_higender_enho_hiskta_hi_otor_hizururat_hipaison_hiki_hikisko_hini_hihai_hi_ot,0,0,0,0,,,
1686,waiter_en_ot_otsir_enkhane_himein_hikya_hilenge_hi_otashutosh_hi_ot_otgaali_hi_ot,1,1,1,1,,,
1676,alia_enbhatt_hiplaying_enkya_hiaap_hipanchvi_hipass_ense_hitez_hihai_hifailedexperiment_ot,1,1,1,1,,,
3308,dhawan_hilokhand_hika_hiballa_hilekar_hiaya_hihai_hikya_hi,0,0,0,0,,,
760,dil_hiki_hibaaton_hiko_hidm_himein_hinahi_hilikhte_hi_otye_hifasana_hitoh_hidate_enpar_hibayaan_hihota_hihai_hi,1,1,1,1,,,
2354,gender_enequality_enchaye_hilekin_hicable_enaur_hidish_hiki_hitaar_hibhai_hitheek_hikaray_hi_otbazar_hise_hidahi_hiaur_hishan_hibiryani_himasala_hibhi_hibhai_hilae_hi_otgari_hibhi_hibhai_hidhoay_hi,0,0,0,0,,,
1884,indians_ento_hiby_engod_enoutrage_enkar_hikar_hike_himaa_hichod_hidenge_hiduniya_hiki_hiek_hidin_hi_othona_hijaana_hikuch_hinahi_hihai_hi,1,1,1,1,,,
1609,akmal_hibhai_hiaaj_hibutter_entoast_enkhaya_hitha_hikya_hi_ot,1,0,0,0,,,
323,nirbhaya_hika_hirapist_enjab_hiagli_hibaar_hirape_enkarega_hitab_hidekhte_hihai_hikitne_hilog_hioutrage_enkarte_hihai_hi,0,1,0,0,,,
2733,kabse_hiiss_hipyaase_hijhagadte_hitl_enpar_hi_otsense_enki_hiek_hiboondh_hitak_hinahi_higiri_hi_ot,0,1,1,1,,,
2714,sab_hipyar_hike_hibhooke_hihai_hi_ot,0,0,0,0,,,
151,lagta_hihai_hisuperover_himain_hibhi_hitie_enpadegi_hi_ot,0,0,1,0,,,
791,expectations_en_oteat_ensleep_enrave_enrepeat_enreality_en_ot_otbhai_hikuch_hikhaya_hinahi_hisubah_hise_hi_otbhai_hineend_hiaa_hirahi_hihai_hiaaj_hito_hibohot_hi_otyaar_hikoi_hiparty_enme_hichal_hilo_hi,1,1,1,1,,,
1845,_ot_otaap_hifarishte_hihain_hi_otaap_hise_higalti_hiho_hihi_hinahi_hisakti_hi_ot,0,1,1,1,,,
2455,_ot_otjis_hidin_hibabar_hine_hitoda_hius_hidin_hiallah_hikya_hisoch_hirahe_hithe_hi_ot,0,1,0,0,,,
774,teacher_en_otravan_hiki_hibehen_hika_hikya_hinaam_hitha_hi_otkejriwal_ot_otsnoopnakha_hi_ot,1,1,1,1,,,
2964,sab_hike_hisab_hikya_himaggi_enka_hiorder_ende_hikar_hiaaye_hihai_hi_ot,0,0,0,0,,,
1658,_otat_enrailway_enstation_en_otanushka_hi_otarre_hisamaan_hiuthane_hiwale_hiko_hibulaao_hi_otvirat_ot_otkohli_hikohli_hi_ot,1,1,1,1,,,
2987,bhai_hiye_hibowlers_enki_hiwajah_hise_hihaarne_hipar_hipress_enconference_enme_hikya_hibolna_hihota_hihai_hi_otsmith_ento_hidhoni_otindvsaus_ot,1,1,1,1,,,
1095,neem_hika_hipatta_hikadwa_hihai_hi_otpakistan_enbhadwa_hihai_hi_otindiakiawaaz_otindvspak_otthereisaidit_ot,1,1,1,1,,,
896,papa_hijitne_hivote_enaapko_himilte_hihai_hiusse_hizaya_hilog_himeri_hiflop_enfilm_endekhne_hiaate_hihai_hikhamosh_hibiharkajaichandshatrughanpic twitter com 5clzufyuqh_ot,1,1,1,1,,,
2718,madam_en_otpados_hike_hiek_hidukandar_hise_himeri_hithodi_hikahasuni_hiho_higayi_hihai_hi_ottod_hi_otfod_hikarne_himein_hikuchh_hihelp_enmil_hisakti_hihai_hikya_hi_ot,0,1,1,1,,,
2652,uttarpradesh_otdad_en_otbeta_hitohaar_hiphyuchar_hike_hiliye_hipaise_hijama_hikiye_hihai_hison_en_othaan_hipapa_hi_otbambai_hijaakar_hiek_hinayi_hiaato_hiricksaw_hikhareed_hilebe_hi,1,1,1,1,,,
156,ladko_hise_higalti_hiho_hijaati_hihai_hi_otmulayam_hisingh_hi,1,0,0,0,,,
687,_otevening_en_otkumar_enbakwas_hi_otaaj_hibohot_hithak_higaya_hi_otwife_en_otkya_hikiya_hiaaj_hiaisa_hikumar_enbakwas_hi_otbacha_hihua_hisaara_hiraitafailadiya_ot,1,1,1,1,,,
180,_ot_otdenims_enki_hisarkaar_hi_otlol_hi,0,0,0,0,,,
2267,mukesh_hiagar_hiaaj_hizinda_hihota_hitoh_hiwoh_hicancer_ense_hinahi_himarta_hi_otunionbudget2016_ot,1,0,1,1,,,
2537,_ot_otaapka_hitv_enkharaab_hihai_hiisliye_hi,0,0,0,0,,,
2065,lol_hi_otdildo_hi_otrt_en_otindia_enmatch_enbhi_hijeetega_hiaur_hidildo_hibhi_hi_ot,1,1,0,0,,,
1379,reporter_en_otsir_entanmay_hibhatt_hiki_hikamar_hika_hisize_en_otrahul_ot_otpic_hi_ottwitter_en_otcom bt0l2mp8vb_hi,0,0,1,0,,,
966,katrina_en_otkamli_hikamli_himeri_hikamli_hikamli_hisalman_hi_otzyada_hilene_hika_himood_ennahi_hitha_hi_ot,1,1,1,1,,,
2143,colors_enhas_ena_engujarati_enchannel_en_otcan_en_ott_hiwait_ento_hisee_hibalika_hivadhu_hiin_higujarati_en_ot,0,1,1,1,,,
868,oo_hi_otshiva_enne_higender_enwise_enbtaya_hi_otwaah_hire_hibhakt_hi_ot_ot_ot,0,0,0,0,,,
955,sir_en_otraita_hiphail_higaya_hihai_hi_otbro_enfist_en_ot,1,0,0,0,,,
420,makesomeonesdayin3words_otrecharge_enkarwa_hidiya_hi,1,0,0,0,,,
2997,apne_hidharm_higranthon_hiaur_hishastron_hika_higyaan_hihona_hiilliteracy_enkehlaata_hihai_hiaur_hidoosare_hike_hijanm_hiko_hikoosna_hiliteracy_en_otmera_hibharat_himahaan_hi_ot,0,0,0,0,,,
118,bavasir_hiho_hijaaye_himagar_hipyar_hinahi_hi,0,0,0,0,,,
1451,bs_hisoch_hika_hifarq_hih_hisabme_hijisme_hiap_hilog_hika_hicaste_enkuch_hijyada_hihi_hiapne_hibare_hime_hisoch_hirha_hih_hi,0,0,0,0,,,
2798,shirish_hikhan_hi_otgali_hikha_hike_hiceleb_hibanna_hibhi_hisabki_hikismat_hime_hinahi_hihota_hikrk_ot,1,1,1,1,,,
563,bas_hikaro_hi_otsuenami_hiaa_higayee_hi,0,0,0,0,,,
1817,chutiye_hicelebration_enkar_hirahe_hihai_hiya_himatam_himana_hirahe_hihai_hi_ot,0,0,0,0,,,
2368,vodafone_hichutiya_hihai_hi_ot,1,0,0,0,,,
2719,people_enin_hiindia_enjust_enwant_engossips_enlike_en_othaww_hi_otpata_hihai_higupta_enji_hika_hibeta_hiladke_hise_hipyaar_hikarta_hihai_hi_otchee_hichee_hi_othey_hibhagwaan_hi_otkya_hizamana_hi_ot_ot,1,1,1,1,,,
1988,khulle_hinahi_hihai_hiawardwinningexcuses_ot,1,0,0,0,,,
1494,_ot_otunchain_ot_otso_enjaa_hibhai_hi,0,0,0,0,,,
374,agar_himain_hikahoo_himujhe_hitumse_himohabbat_hihai_hi_otmeri_hibas_hiyeh_hihi_hichahat_hihai_hi_ottoh_hikya_higaand_himarogi_hi_ot,1,1,1,1,,,
2600,bhabhi_hika_hiphone_entha_hi_otpoora_hiek_himahine_hike_hiliye_himaayke_hija_hirahi_hihainpic_hi_ottwitter_en_otcom kwg1fuwdjl_hi,0,1,1,1,,,
1200,koi_hibhi_hielection_enjeete_hi_otchaara_hito_hilalu_othi_hikhayega_hi_ot,0,0,0,1,,,
1134,kajol_hi_otjaati_hihu_himein_hi_otsrk_hi_otjaldi_hihai_hikya_hi_otravish_hi_otjaati_hi_otbrahmin_hiya_hikshtriya_hi_otfarzipatrakarravishkumar_ot,0,1,1,1,,,
376,ishita_hisayng_hiki_hiparivar_hiwalo_hine_hiusse_himar_himar_him_highar_hise_hibhar_hinikal_hidiya_hi_otislie_hipolice_engirftar_hikarwa_hideti_hihai_hi_otdomestic_enviolence_enka_hiaropp_hi,0,0,0,0,,,
502,bhai_hi_otkyu_hiraina_enko_hishaheed_hikarwa_hirahe_hiho_hi_ot,0,0,1,1,,,
2829,lagta_hihai_hiaaj_hiyahan_hipar_hisabne_hivalentine_enmaata_hika_hivrat_hirakha_hihai_hi_ot,1,1,1,1,,,
964,kejriwal_ot_otmujhe_hichahiye_hiswaraaj_hi_otyogendra_hiyadav_hi_ot_otswa_hi_otmein_hikaun_hi_otkaun_hi_otkejriwal_otsupporters_en_otyo_enya_himadar_hi_ot_ot_otbhen_hi_ot_ot_ot_ot,1,1,1,1,,,
2598,ken_enchhe_hi_otholi_hi_otday_enchhe_hi,0,0,0,0,,,
3115,geelani_hiaur_hiowaisi_hise_hihaath_himila_hikar_hikejriwal_otne_hipoore_hibharat_hiwasiyo_hiko_hisharminda_hikiya_hihai_hikejriwalshamesindians_ot,0,1,1,1,,,
1772,hariharan_hi_otchanda_enre_hi_otchanda_hire_hi_otkabhi_hito_hizameen_hipar_hiaa_hi_otkejriwal_ot_otaa_hijaye_hito_hithoda_himujhe_hibhi_hide_hidena_hi_othariharan_hi_ot_otcries_en_ot,0,1,1,1,,,
2685,jai_hijai_himaharashtra_enmaazza_higarzaa_himaharashtra_enmaazaa_hiasi_hitusi_hiaaicha_higho_hi,0,1,1,1,,,
2766,neend_hiaaja_hinahi_hito_hikal_hise_hitujhe_hikrk_hibulaunga_hi,1,0,0,0,,,
2584,_otkoomar_otbt_hijaise_hisuyyash_hirochelle_enko_hitask_enm_hihath_himaar_hirha_hitha_hi_otwo_hib_hiviolence_entha_hi_ot,0,0,0,0,,,
486,srk_hi_otdon_hiko_hipakadna_himushkil_hihi_hinahi_hinamumkin_hihai_hi_otsalman_hi_otaur_himujhe_hipakad_hike_hibhi_hikya_hiukhad_hiliya_hi_ot,1,1,1,1,,,
358,beta_hi_ottmhe_hikoi_hilarki_hipasand_hihoto_hibatao_hi_othum_hishadi_hikra_hidenge_hi_otsach_hi_ot_othan_hi_otbas_hilarki_hiapne_hicaste_enki_hi_otgori_hiaur_hihume_hipasand_hiani_hichahiye_hidesiparents_ot,0,0,0,0,,,
1225,kisi_hiko_higaali_hidne_hika_himan_hikare_hito_hitata_hisky_enya_hivodafone_hiko_hide_hido_hi_otun_hilogo_enko_hiaadat_hipad_higai_hihai_hi_ot,1,1,1,1,,,
1966,best_enplace_enfor_ensalman_hibhai_hito_hipromote_enprem_hiratan_hidhan_hipayo_hi_ot,0,1,1,1,,,
435,taalthokke_otjis_hibhi_hicaste_enko_hiaarakshan_hihe_hiwo_hisab_hibanned_enhone_hichahiye_hi_otaur_hiitna_hihi_hidum_hihe_hiki_hipm_enko_hidirect_enchunoti_hide_hirahe_hito_hiaarkshn_hiq_hichahiye_hi,0,0,0,0,,,
3027,doodhwala_hi_otaaj_higaay_hibimaar_hiho_higayee_hi_otdoodh_hinahi_hidiya_hipootna_hi_otsick_enrabtard_hi,1,1,1,1,,,
1780,dad_en_otthere_enare_hino_enshortcuts_ento_hisuccess_en_otson_en_otpar_hired_enlight_enke_hipass_enwaali_higali_hise_highar_hijaldi_hiaata_hihai_hi_otd_hi_otisiliye_hisharma_hiji_hika_hibeta_hipass_enhua_hi,1,1,1,1,,,
143,aisa_himat_hibol_hibhai_hi_otindia_enbhi_hiwc_enapne_hihi_hidesh_hime_hijeeti_hithi_hirt_en_otaustralia_en_otapna_higaali_himein_hikutta_hibhi_hisher_hihota_hihai_hi,0,1,1,1,,,
743,in_hichutiyo_hiko_hiaadhar_hicard_enkyu_hidete_hiho_hi_ot,0,0,0,0,,,
2534,usne_himere_hidil_hika_hiwohi_hihaal_hikiya_hijo_hibabri_himasjid_hika_hihua_hisanghiemo_ot,1,1,1,1,,,
1914,_ot_otek_hibaat_hito_hiaapko_himaan_hini_hipadegi_hisir_en_otmodi_otji_hinahi_hihote_hito_hiaaj_hiaapke_hipaas_hikoi_hikaam_hinahi_hihota_hiaur_highar_hichalana_himushkil_hiho_hijata_hi_ot,1,1,1,1,,,
3160,jee_hibhar_hike_hinaach_hile_hibaby_enchampagne_enke_hishower_enmein_hi_otyaar_hitere_hika_hifan_enminister_enbaitha_hihai_hijo_hipower_enmein_hi_otmessageformycrush_ot,1,1,1,1,,,
1787,salman_hikhan_hike_hivakil_hine_hijudge_enko_hitarzan_hi_otthe_hiwonder_encar_endikhai_hiaur_hijudge_enconvince_enho_higaya_hiki_hibina_hidriver_enbhi_hicars_enkhoon_hikar_hisakti_hihain_hi_ot,1,1,1,1,,,
1824,congrats_en_otand_en_otbhabhi_hi_otbeti_hiki_hibohot_hibohot_hibadhai_hi_ot,0,1,1,1,,,
543,india_enmain_hisabzi_hilene_hise_hiolympics_otmain_himedal_enlene_hitak_hiladies_enko_hiki_hijana_hiparta_hihai_hi_otlol_hi_otrio2016_ot,0,0,0,0,,,
973,chikna_otpehle_hihi_hibole_hithe_hi_otki_higender_enratio_enimprove_enkaro_hi_otab_hibhugato_hi_ot,0,0,0,0,,,
1597,jis_hitaraf_hike_hiactivist_enviolence_enaur_higundagiri_hikarenge_hi_otunhi_hiko_higunda_hikahaa_hijata_hihai_hi_otthere_enis_hia_endiff_hi_ot,0,0,0,0,,,
2632,tujhe_hiyaad_hina_himeri_hiaayee_hi_ot,0,0,0,0,,,
2747,sanskarijamesbond_otke_himunh_himein_hirajnigandha_hi,1,0,1,1,,,
2157,shaam_hise_hiaankho_himein_hikuch_hinami_hisi_hihai_hi_ottl_enpar_hihot_endp_en_ots_hiki_hikuch_hikami_hisi_hihai_hi_otirshaad_ot,1,1,1,1,,,
200,tusshar_hikapoor_hities_enrakhi_hito_hiekta_hikapoor_hi_ot,0,0,1,1,,,
2078,khuram_hibhai_hiapny_himera_higender_enchange_enkar_hidiya_hihai_hi,0,0,0,0,,,
3330,_ot_otki_hisarkar_hiaane_hike_hibaad_hi82_otpercent_encommunal_enviolence_enki_highatna_hime_hikami_hiaai_hihai_hi,0,0,0,0,,,
210,gutka_himukeshpic_hi_ottwitter_en_otcom bvp3q5w6mc_hi,0,0,0,0,,,
1547,aaj_hiairways_otki_hitoh_hilag_higayi_hibhai_hi_othappy_enbhai_hidooj_hi_otbc_en_ot,1,1,1,1,,,
1168,_ot_othappybdaypm_otwala_hihashtag_hiuse_hikarta_hito_hizyada_hirt_enmilte_hi,0,1,1,1,,,
499,sir_enjaa_hi_otre_hi_otjaa_hi,0,0,0,0,,,
1467,filmstars_hiko_hilekar_hichappal_hiki_hiads_enkyun_hibanate_hihain_hiyaar_hi,0,1,1,1,,,
2754,subhash_highai_hikyu_hikar_hiraha_hihai_hi_ot,1,0,0,0,,,
1767,arvind_otkejriwal_otjeet_higaya_hito_hikitne_hilog_himumbai_himein_himigrate_enkarenge_hi_ot,0,1,1,1,,,
3221,dhoni_otbhai_hiek_hidin_hiball_entod_hihi_hidenge_hi_ot,0,0,1,1,,,
1501,him_en_otrang_hide_hitu_himohe_higerua_hiher_en_otso_enja_hichutiye_hi,1,1,1,1,,,
1753,log_hiraat_hiko_hishaadi_hikarte_hihai_hito_hisuhag_hirat_hikab_himanate_hihai_hi_ot,1,1,1,1,,,
2185,kyu_hibhai_hikyu_hi_otpic_hi_ottwitter_en_otcom 793lipd9sy_hi,0,0,0,0,,,
2962,meri_hiek_hitaang_hinakli_hihai_himain_hihockey_enka_hibahut_hibada_hikhiladi_hitha_hi_otek_hidin_himeri_hikisi_hibaat_hise_hiuday_hibhai_hiko_higussa_hiaaya_hi_otmeri_hihi_hihockey_enstick_ense_hi_ot,1,1,1,1,,,
3054,ye_hikis_hichutiye_hine_hirahulonleave_otwala_hitrend_enchalu_hikiya_hihai_hi_otpic_hi_ottwitter_en_otcom vkmfl1eckv_hi,0,0,1,0,,,
751,pk_endirected_enby_enanurag_hikashyap_hi_otaamir_hikhan_hi_otgaajar_hidena_hivendor_en_otpaisa_hido_hiaamir_hi_otnahi_hihai_hipaise_hivendor_en_otbhaag_hibhosdike_hi_ot,1,1,1,1,,,
201,_ot_otmurgi_hiaur_hitaang_hiki_hibaate_hikar_hirahi_hiho_hi_otlagta_hihai_himohatarma_hiaapko_hibhook_hilagi_hihai_hi_otkhaane_hime_hirayta_hizaroor_hilena_hi,0,1,1,1,,,
1673,o_hinaadan_hiparindey_highar_hiaaja_hi_ot_otthis_ensong_enwas_enwritten_enfor_enmodi_otsir_en,1,0,1,1,,,
2230,digvijay_hi_otbhow_hibhow_hi_otsingh_hicelebmiddlenames_ot,1,0,1,1,,,
881,_ot_otmurdabaad_hike_hinaare_hilagaane_hiwale_hibhi_hiusi_hicategyy_hike_hihonge_hijo_hisirf_hicaste_enn_hirelign_hike_hinaam_hipar_hipolitics_enkhelte_hihai_hi,0,0,0,0,,,
864,bhaijaan_hine_hiye_hijo_hilocket_enpehna_hihua_hihai_hibajrangi_hime_hiye_hikaha_himilega_hi_otlena_hihai_hi_ot,1,1,1,1,,,
149,_otwaise_hibhi_hipornban_hichal_hiraha_hihai_hi_otsorry_entha_hi_otke_hihai_hi_otpata_hinai_hi_otaap_hichalu_hirakho_hierotic_enpoetry_en,0,1,1,1,,,
2459,market_enmein_hikoi_hinaya_hiitem_enaayela_hihai_hikya_hibhai_hi_ot_otd_hi,0,0,1,1,,,
1281,_ot_othum_hidoosron_hika_hikhana_hinahi_hichinte_hi_otwaise_hiiski_hishakal_hiyehi_hibatati_hihai_hiki_hiwoh_hidhool_himatti_hihi_hikhaata_hihoga_hi_ot_ot,1,1,1,1,,,
2154,chittiyan_hikalaaiyan_hive_hibaby_enne_hiteri_hichutiya_hikataaiyan_hive_hi,1,1,1,1,,,
3261,tere_highar_hiaya_hi_otmain_hiaaya_hitujhko_hilenepic_hi_ottwitter_en_otcom 0ze0xeil1t_hi,0,0,0,0,,,
3082,aao_hiaap_hihum_hisab_himil_hikar_himanaye_hikejriwaldiwaspic twitter com i2yjiikz6x_ot,0,0,0,0,,,
2524,oye_histark_enkhaandaan_hike_hichiraag_hi_otye_hidekhpic_hi_ottwitter_en_otcom mpl3ui6ahw_hi,1,0,1,0,,,
645,_otlagta_hihai_himujhe_hidp_hichange_enkarni_hipadegi_hi_otwarna_hiaap_hijaise_hilog_himera_higender_enhi_hichange_enkar_hidoge_en_ot,0,0,0,0,,,
3410,ekhane_higender_ener_hivul_hita_hiami_hiiccha_hikorei_hidhorinai_hi_ot_otparizat_ot,0,0,0,0,,,
1589,aur_hithodi_hineeche_hijhuk_hikar_hikhel_hile_hiyounis_hi_ot,1,0,1,0,,,
817,aaj_hike_hibaad_hikisiko_hirt_ennahi_hikarunga_hi_ot_ot_otjao_hibigg_hiboss_endekho_hi_ot,1,1,1,0,,,
2940,gaand_hime_hidaal_hile_hiapna_hitalent_enbhenchod_hi_ot,1,0,0,0,,,
2824,dear_encongis_hi_ottu_hi13_otmat_hidekh_hi_otkyuki_hiyuvraj_hito_hidekhne_hilayak_hibhi_hinahi_hi_otd_hirt_en_otdear_ensanghis_hi_ottu_hi13_otdekh_hi_ot,1,1,1,0,,,
609,soon_ento_hibe_hiheard_enin_himumbai_hilocal_entrains_en_otdekha_hihai_hipehli_hibaar_hi_otsaajan_hiki_hiaakhon_himein_himodi_otsarkar_hi_ot,1,1,1,1,,,
1969,rimi_hisen_enko_hi4_otoption_enchahiye_hi_otbigg_hiboss_enkhelne_hiaayee_hihai_hiya_hikaun_hibanega_hicrorepati_hi,0,1,1,1,,,
570,aajkal_hikejriwal_otto_hikrk_hise_hibhi_hizyada_higaaliyan_hisunta_hihai_hi,1,1,1,1,,,
1860,dono_hifamilies_enpuri_hiki_hipuri_hiyaha_hihain_hiranveer_hi_otdeepika_hi_otshaadi_hikar_hilo_himandap_hiaccha_hilaga_hihua_hihai_hifree_enme_hikaam_hiho_hijayega_hi_ot,1,1,1,1,,,
1186,madam_ensagarika_hi_ottum_hi_otkaun_hijaat_hiho_hi_ot_otinsaan_hito_hinahi_hiho_hisakti_hi_othoti_hito_hiplayer_enki_hicaste_endekhne_hika_hisochti_hihi_hikyoo_hi_ot,0,0,0,0,,,
1457,mohabbat_hibarsa_hide_hina_hitu_hi_ottharak_hiaaya_hihai_hi_ot,1,0,0,0,,,
3108,ki_hiap_hilog_hik_hicaste_ense_hijyada_hikoi_hibhed_hibhav_hinhi_hikrta_hibs_hichahte_hiho_hiap_hilog_hior_hikrishna_hiji_hiki_hirespect_ento_hisab_hikrta_hih_himai_hibi_en,0,0,0,0,,,
3370,tum_hijitni_hibaar_hibologe_hilalu_otka_hibeta_hi9th_otfail_enhai_hiuska_hiaccount_enhandler_ensala_hiaur_hizyada_hitedhi_hienglish_himein_hitweet_enkaregi_hi_ot,0,1,1,1,,,
3323,happy_enbday_hianna_hiraho_hihamesha_hichaukanna_hidua_hime_hiyaad_hikarta_hihai_hitumhe_hidaruwala_hijaakar_hisambhalo_hiapni_hipost_enin_hilongewala_hi_ot,1,1,1,1,,,
886,aaptards_hiare_hitelling_enjethmalani_hiwont_entake_ena_enpenny_enfor_enthis_encase_enbhai_hijethmalani_hifree_enme_hiapni_hibiwi_hika_hicase_enbhi_hina_hilade_en,1,1,1,1,,,
2589,mumbai_hiindians_enagar_hikutte_hijaisa_hikhelegi_hitoh_hikutte_hijaisa_hihi_hihaaregi_hi_otabhijeet_hicskvmi_ot,1,1,1,1,,,
1203,bhaiiiiii_hi_otaaj_hito_himauka_hiaagaya_hi_otd_hi,0,0,0,0,,,
316,abey_enyaar_hibahut_hitweets_enkar_hidiye_hihain_hi_otbeizzati_hina_hikarana_hi_ot,1,1,1,1,,,
2993,ab_hiapne_hisapnon_hika_highar_hibook_enkarein_hisirf_hirs_en_ot2_otlakh_himein_hi_otaur_hizindagi_hibhar_hibank_enke_hiloan_enbharte_hibharte_himarr_hijaaye_hi_otbook_enkarein_hiaaj_hihi_hi_ot,1,1,1,1,,,
1980,kyu_hihum_hilog_hicaste_enk_hiliye_hiladte_hih_hi_otkaam_hik_hiliye_hini_hiek_himuslim_enkam_hikare_hiya_hihindu_hikya_hifark_hipadta_hih_hikaam_hihona_hichahiye_hi,0,0,0,0,,,
1529,double_enfaced_enhai_hikaran_hijohar_hi_otpaiso_hike_hiliye_hikhud_hika_higender_enbhi_hichange_enkr_hiskta_hiye_hi_otbb10_ot,0,0,0,0,,,
3225,_otacha_hihua_hikabaddi_hika_higame_ennhi_hirakha_hi_otwarna_hitum_hitoh_hiphysical_enviolence_enka_hiilzaam_hisab_hipar_hilagate_hi_ot_otgame_en_otka_himatlab_hipta_hihai_hitumhe_hi_ot,0,0,0,0,,,
2787,sunday_enraat_hiko_hi1_otbaje_hijaage_hiho_hitoh_hisingle_enho_hitum_hi_ot,1,0,1,1,,,
2169,srk_hi_otkoi_hiandekha_hi_otanjaana_hitumhare_hisapno_himein_hinahi_hiaaya_hi_otkajol_hi_otmeri_hishaadi_hitai_hiho_hichuki_hihai_hi_ottujhi_hiaai_highaal_hitikde_hi_ot,0,1,1,1,,,
918,aaj_hiblue_enhai_hipaani_hi_otpic_hi_ottwitter_en_otcom m2bff77ve2_hi,0,0,0,0,,,
2808,bihar_hijagega_hito_hihumare_hiup_enwalon_hiko_hibhi_hihosh_hiaayega_hi_otlalumuktbihar_ot,1,1,1,1,,,
3001,holi_hike_hidin_hidil_hikhil_hijaate_hihai_hi_otbangladesh_hike_hilun_hilag_hijaate_hihai_hiindvsban_ot,1,1,1,1,,,
2174,ashutosh_hiwhile_encrying_en_otyeh_hikaisi_higandi_hirajniti_hihai_hi_otsisodia_hika_hinaam_hiliya_hija_hiraha_hihai_hi_otk_hivishwas_hipar_hiungli_hiuthayi_hija_hirahi_hihai_hi,0,1,1,1,,,
797,panj_hitaare_hitheke_hiutthe_hibehke_hitaariyan_himain_hitera_hisaara_higussa_hinaachooo_hi,1,1,1,1,,,
2693,abhishek_otka_hicareer_enitna_hikharab_hichal_hiraha_hihai_hiki_hibechare_hiamitabh_otbachchan_hiko_hicommentary_enkarni_hipad_hitahi_hihai_hi_otkya_hidin_hiaa_higaye_hihain_hi_ot,1,1,1,1,,,
1092,ishq_hiaur_hipolitical_enparty_ense_hirishta_hichhupaye_hinahi_hichhupta_hihai_hi_otfarzipatrakarravishkumar_ot,0,1,1,1,,,
851,phone_enka_hiwallpaper_endekhte_hidekhte_hizindagi_hikat_hirahi_hihai_hi_ot,1,1,1,1,,,
3395,pm_enkoi_hibhi_hiho_hi_otgaaliya_hito_hideni_hihi_hihai_hi_ot,0,0,0,0,,,
987,somnath_hibharti_hiki_hiwife_enbol_hirahi_hihai_hito_hiinki_hisulag_hirahi_hiaur_hikhud_himodi_otji_hiki_hiwife_enko_hibulwane_himein_hipoora_hizor_hilaga_hidiya_hitha_hi_ot,1,1,1,1,,,
3396,_ot_otnever_en_othad_hiit_enbeen_enmuslim_enwoman_enn_hihindu_hirapist_en_otkejriwal_otwaha_hipahunch_higaye_hihote_hi_othumanity_enis_hidead_en_otcaste_enalive_en,0,0,0,0,,,
1387,bhai_hikuch_hikal_hike_hiliye_hibhi_hichhod_hide_hi_otrt_en_otkejriwaltakesoath_oti_hihope_enthat_enindia_enwins_enthe_hiworld_encup_en,0,1,1,1,,,
2872,sa_hihi_hidharm_hikehana_higalat_hihain_hi_otbuddhism_en_otjainism_en_otzen_hi_otzorastra_hisabhi_hi_otnon_enviolence_ensikhata_hihain_hi_ot,0,0,0,0,,,
16,mysalaryislike_ot_otbhai_hikuch_hipaise_hiudhaar_hide_hide_hi_ot,0,0,1,1,,,
2160,bhai_hiaise_hichutiyo_hike_hisath_hinahi_hikhelna_hihame_hi_otaapke_hiladkiyo_hiwali_hiteam_enbhejo_hi_otindvspak_ot,1,1,1,1,,,
255,duniya_hinu_enek_hionkar_hi_otgod_enis_hione_en_otda_himantr_hidene_hiwale_hi_otjaat_hipaat_hin_hioonch_hineech_hida_hifarq_himitaane_hiwale_hi_ot_otno_encaste_endiscrimination_en_ot,0,0,0,0,,,
2398,sonia_engandhi_otko_hipata_hinahi_hitha_hiki_hi90_ot_otdimag_hika_hivikas_hi5_otsaal_hitak_hiho_hijaata_hihai_hi_ot,1,1,1,1,,,
983,kahi_hi_otsuni_himaaf_hikijiyega_hi_otchhota_hibaccha_hihai_hi_otabhi_hibhi_hipogo_endekhta_hihai_hi_otpic_hi_ottwitter_en_otcom mvf8k0riaq_hi,0,1,1,1,,,
264,tu_hihi_hiwoh_hichutiya_hihai_hina_hijisko_hipm_enbanna_hitha_hi_otpic_hi_ottwitter_en_otcom 60xw0uwzvn_hi,1,1,1,1,,,
3126,aamir_hikhan_hi_otayye_hi_otkya_hibolti_hitu_hi_otmarathi_enwoman_en_otnigh_enikadna_hiaai_highaalya_himimarathi_ot,1,1,1,1,,,
2450,kejriwal_otapne_hireligion_enke_hicolumn_enme_hibold_enme_hi_ot1_ot_otagarwal_hi_ot99_ot_otchutiyapa_hi_otlikhte_hihai_hi,1,0,0,1,,,