ID,Tweet,True Label,BERT,BERT 22,BERT 9,,,,,Model,T test
99,aik_hipagal_hihi_hipagal_hikhanay_hiko_hishadi_highar_hibana_hisakta_hihay_hippp_restpakistan_restirony_rest,0,1,1,1,,,,,BERT 22 vs BERT,0.02064662064
302,itna_hilog_hiko_hiek_hisaat_hikarne_hijitne_hitune_hiura_hideye_hiisse_hiacha_hibaar_hipirit_hilagata_hikam_hise_hikam_hilife_entime_envote_enpakke_hihote_hisirf_hipolitics_en,0,0,0,0,,,,,BERT 9 vs BERT,0.001458072117
795,show_enka_hinaam_hihai_hisatyamevjayte_restaur_hiuski_hidhun_himusic_endirector_enpe_hipalash_hisen_endwara_hichori_hihona_hika_hiilzaam_hihai_hisarcasm_restkya_hibaat_hihai_hi,1,1,0,1,,,,,BERT 9 vs BERT 22,0.4152087265
500,lolz_hibjp_hiwale_hipakde_hija_hirahe_hicarores_hik_hisath_hiaur_hidoosro_hiko_hibhrasht_hibol_hirahe_hiho_hiirony_rest,1,1,1,1,,,,,,
199,shraddha_hisati_hipratha_himein_hibhi_hithi_higalat_hitha_hitriple_entalaq_higalat_hihai_hi,0,0,0,0,,,,,,
612,sunday_enaa_higaya_hiirony_rest,1,1,0,0,,,,,,
1045,insaan_hiapney_hiamal_hise_hipehchana_hijata_hihai_hiwarna_hiachi_hibaatein_hitu_hideewaron_hipe_hibhe_hilikhi_hihoti_hihein_hiirony_restfb_hiwall_en,1,1,1,1,,,,,,
283,teri_himaa_hiki_hichut_hibahan_hike_hilode_enmadarchodo_hiko_hipolitics_enchahiye_hihar_hijagah_hibahan_hike_hilodo_hiko_hi,0,0,0,0,,,,,,
803,hindustani_hiindian_encricket_enteam_enke_hiliye_hieak_hihai_hibaki_hiham_hiaalag_hihai_hikunhi_hipanchkula_himein_hijo_hi30log_restmare_higye_hihai_hiswaal_hipuchu_hi,0,0,0,0,,,,,,
1234,aaj_hike_hidaur_himein_hikaun_hikarta_hihai_hisookun_hise_hibaatein_hikuch_hikaho_hitoh_hilog_hikhaane_hiko_hidaudte_hihein_hiirony_restcrtsy_hithanks_en4_restsukun_hi,0,1,1,1,,,,,,
219,wicket_endikshanshu_hinegi_hib_hizahoor_hifaroqui_hi10_rest17_restbijapur_hi16_rest2_restbijapur_hineed_en57_rest22_restbelvbij_restcricket_rest,0,0,0,0,,,,,,
1186,joshi_restab_hiapne_hihi_hishahar_hibegaane_hihain_hisari_hiduniya_hiab_hivaha_hija_hirahi_hihai_hiaur_hihum_hikahi_hiaur_hihi_hija_hirahe_hihain_hiirony_rest,1,1,1,1,,,,,,
1285,lahore_hiaward_entakreeb_hione_enday_enky_hibehtreen_hikhilari_hika_hiaward_enbabar_hiazam_hike_hiname_en,0,0,0,0,,,,,,
845,ravi_enbopara_hisamit_hipatel_enindia_enirony_restyeh_hikay_enho_hiradha_hihai_hibhaiya_hi,0,1,0,1,,,,,,
278,islamabad_hikon_hikehta_hihai_hike_hiye_hishehar_hisota_hiaao_hidekho_hiislamabad_hiunited_enone_encause_encricket_en,0,0,0,0,,,,,,
929,angrez_hichale_higaye_hipar_highulami_hichod_higaye_hiirony_resthumsuperpowerhain_rest,1,1,1,1,,,,,,
1159,halala_hike_hipaidaisho_hiki_higand_hijo_himari_hipadi_hihai_hiinka_hidhanda_hiband_hiho_hijaega_hitriple_entalaq_hin_hihalala_hika_hi,0,0,0,0,,,,,,
635,kya_hiram_hirahim_hinaam_hike_higunde_hike_hibhakto_hiko_himanmarji_hikarne_hidena_hibhi_hivote_enbank_enki_hipolitics_ennahi_hidallo_hichup_hikyu_hiho_hijo_himamta_restkare_hirajniti_hi,0,0,0,0,,,,,,
1141,well_endone_enteamindia_restab_hicricket_restki_hiduniya_hiausterlia_restki_hinahi_hiteamindia_restki_hidehshatt_hih_hicleansweeps_rest,0,0,0,0,,,,,,
148,bijnore_hirozedaar_himuslim_himahila_hike_hisaath_hirape_enhua_hiuspe_hidebate_ennhii_hikroge_hitriple_entalaq_hipr_hitumse_hibada_hihamdard_hinhii_hi,0,0,0,0,,,,,,
304,saala_hiidhar_hiwhatsapp_hichalu_hihai_hiaur_hibaat_hikarneko_hikoi_hinahi_hiirony_rest,1,1,1,1,,,,,,
1173,main_hipoora_hidin_hihar_hiwaqt_hicricket_hidekhta_hirehta_hitha_hijab_hiaap_hibache_hihote_hihain_hipoora_hidin_hikhel_hise_hidil_hihi_hinahi_hibharta_hijasparit_hibumrah_hi,0,0,0,0,,,,,,
792,jeene_hike_hiaarzoo_himein_himare_hija_hirahe_hihain_hilog_himarne_hiki_hiaarzoo_himein_hijiye_hija_hiraha_hihoon_himain_hiirony_rest,1,1,1,1,,,,,,
566,england_hiki_hisabiq_hikhatoon_hicricketer_enjan_hibarten_hi58_restbaras_hiki_hiumar_himain_hichal_hibasi_hijan_hibarten_hikaafi_hiarse_hise_hicancer_enk_himarz_himain_himubtila_hithin_en,0,0,0,0,,,,,,
240,hum_himahan_hideshawn_hike_hiwasi_hihain_hijahan_hilogon_hiko_hikanoon_hise_hijyada_hibaba_hiaur_himaaulvi_hipar_hibharosa_hi,0,0,0,0,,,,,,
1114,gareebi_hihatao_hinara_hikisne_hidiya_hitha_higareebi_hinahi_hihati_higareeb_hihat_engaye_hiirony_rest,1,1,1,1,,,,,,
463,life_restsushant_hike_highar_hibareily_hiki_hiparty_en,0,0,0,0,,,,,,
208,cricket_restshikar_hi,0,0,0,0,,,,,,
932,pakistanibecause_restkasam_hise_hisilencer_enk_hibaghair_hibike_enki_hiawaaz_hibuhat_hipyari_hilagti_hihai_hisarcasm_restmailaboys_rest,1,1,1,1,,,,,,
675,ye_hilog_hiapnk_hikaum_hikhud_hihi_hikhatam_hikar_hilenge_hikisi_hidusare_hiki_hijarurat_hinahi_hipadegi_hikabhi_hitriple_entalaq_hifatwa_hihalala_hiuffff_hikhuda_hikhair_hikare_hi,0,0,0,0,,,,,,
1370,apne_hihi_hipaani_himil_hijaana_hibarf_hika_himuqqadar_hihota_hihai_hiirony_rest,1,1,1,1,,,,,,
588,ek_himamata_hiaur_hiek_himulayam_hiirony_rest,0,1,1,0,,,,,,
1007,ye_hisir_enjivan_hichakra_hihai_hichalta_hijayega_hirespect_rest,0,0,0,0,,,,,,
42,kuch_hilogo_hika_hinumber_enliye_hisave_enkrte_hihain_hiki_higalti_hise_hiuth_hinaa_hijaye_hisarcasm_rest14994_restadson_rest,1,1,1,1,,,,,,
515,ek_hibar_hirahulg_hipm_hiban_higaye_hitau_endesh_hike_hiware_enniyare_hiho_hijayenge_hiaamadami_restsarcasm_rest,1,1,1,1,,,,,,
442,bollywood_restdharam_hiveer_himanmohan_hidesai_hi1977_rest,0,0,0,0,,,,,,
422,rawat_resthaan_hipata_hihai_hiaap_hiuse_hibus_hike_hitkt_hinahin_hidete_hiaur_himagstrat_hichking_hipakadwa_hike_hitihar_hibhej_hidete_hiirony_rest,1,1,1,1,,,,,,
1078,bc_hishadi_hibhi_hiphone_enpe_hitriple_entalaq_hibhi_hiphone_enpe_hisalo_hilala_hibhi_hiphone_enpe_hipaida_hikar_hilo_hiaur_hibhej_hibhari_hibheed_himein_hifutne_hike_hiliye_hi,0,0,0,0,,,,,,
1091,chhat_hipe_hicricket_enke_hiliye_hibat_hiki_hijagah_hithapi_hiaur_hiakhbaar_hike_hiupar_hidhaga_hilapet_hike_hibanai_hihui_hiball_en,0,0,0,0,,,,,,
767,jo_hiactor_enapni_hihar_himovie_ense_hipyaar_hifailata_hihai_hiuske_hidusre_hiactor_enko_hihate_enkarte_hihain_hiaccha_hinahi_hilagta_hiirony_restgumnaam_rest,1,1,1,1,,,,,,
1249,india_enmei_higareeb_hihone_hika_hicertificate_enbhi_hidekar_hiban_hijaata_hihai_hiirony_rest,1,1,1,1,,,,,,
235,class_enkay_enbachaay_hibhee_hihogyee_hiaur_hihum_hiyaahaan_hiabhee_hitak_hisingle_enready_enmingle_enstage_ensay_hibahaar_hini_hiaye_hiirony_rest,1,1,1,1,,,,,,
1297,agar_hirubika_hiliyaquat_hig_hiko_hiislam_enmaloom_hihota_hivo_hitriple_entalaq_hike_hibare_hini_hihoti_hitalaq_hisirf_hiek_hiname_enprocess_endivorce_enhi_hi,0,0,0,0,,,,,,
271,tum_hiny_hirishwat_hili_hiaur_hiab_hikhel_hirahy_hihu_hisharjeel_hitu_hibeqasoor_hih_hitu_hiwo_hiq_hicricket_ensay_hidoor_hih_hi,0,0,0,0,,,,,,
741,pyaar_hinonpoisonous_restrt_hizeher_hihai_hiki_hipyaar_hihai_hitera_hichumma_himr_ensnake_enmr_ensnake_en,1,0,0,0,,,,,,
550,sarcasm_restphir_hibhi_hiaaj_hik_hidin_himein_hikr_hiskta_hihai_hikya_hi,0,1,0,0,,,,,,
389,raza_himurad_hibahut_hikaamyab_hiaadmi_hiuski_hibaat_hisunni_hichahiye_hip_restsarcasm_rest,1,1,1,1,,,,,,
631,waqt_hiaur_hilog_hiapp_hiko_hisub_hikuch_hiseekha_hidetay_hihain_hiirony_rest,0,1,1,1,,,,,,
486,someone_enyaar_hipakistan_hiwaale_hiindia_enko_hiburi_hitarah_hipeet_hirahe_hihain_himatlab_hikashmir_hiwaal_hijashan_himana_hirahe_hihonge_hisarcasm_rest,1,1,1,1,,,,,,
1231,rohit_restsir_enlagta_hihai_hibaar_hiki_hipayment_enruk_higyi_hiaapki_hisarcasm_rest,1,1,1,1,,,,,,
922,jo_hihua_hiuske_hibare_hikuch_hiboliye_hi1978_restse_hiye_hihorah_hiye_hisab_hipilitics_hibadme_hidekhenge_hikisine_hisach_hikaha_hipolitics_enaan_hisharam_hichodo_hi,0,0,0,0,,,,,,
214,angelo_enmathews_hilike_enitni_hikhushi_hihamain_hijeet_hikr_hinahi_hihui_hijitni_hipakistanio_hiko_hiindia_enki_hihaar_hiki_hihui_hisarcasm_rest,1,1,1,1,,,,,,
1053,khamosh_hihai_himera_hidesh_hikisano_hiaur_hijawano_hiki_himaut_hipar_hisuna_hihai_hitheatre_hibht_hibheed_hihai_hibahubali_restki_himaut_hipar_hiirony_rest,1,1,1,1,,,,,,
1185,chalo_hiaab_hiyeh_hidin_hibhi_hidekhenge_hiirony_restgandhijayanti_restpe_hika_hibhashan_hi,1,1,1,1,,,,,,
316,puttar_restacha_hiaur_hikoi_hinae_enmila_hitha_hisarcasm_restjhadne_hik_hiliye_hi,0,0,0,0,,,,,,
680,qaumi_hizubaan_hiurdu_enhai_hipar_hitaleem_hika_himatlab_hiachi_hiangrazi_hihai_hipakistanithings_restirony_rest,1,1,1,1,,,,,,
629,ek_hi8_restpointer_enko_hilagta_hihai_hiki_hiuski_hicpi_himeri_hivajah_hise_hiacchi_himain_hikhud_hiko_hiinspire_ennahi_hikar_hipaaya_hiirony_restiit_rest,1,1,1,1,,,,,,
527,triple_entalaq_hisey_hifursat_himil_higayi_hiho_hikutch_hiprogress_enbhi_hidhyan_hide_hidiya_hijaye_hisarkar_higan_hiekdum_hirayta_hiphaila_hidiya_hihai_hi,0,0,0,0,,,,,,
927,cricket_ennews_enkabhi_hiapne_himadahon_hika_hisar_hisharam_hise_hijhukne_hinahi_hidoonga_hihamesha_hiallah_hiko_hikhush_hikarne_hika_hikoshish_hikarta_hihoon_hishadab_hikhan_hi,0,0,0,0,,,,,,
1089,oh_hibhai_hiaap_hitoh_hibaht_hihi_hicool_enho_hisarcasm_rest,1,1,1,1,,,,,,
975,ek_hik_hibaad_hiek_hibade_hietihasik_hiverdict_enbharatiya_hinayaypalika_hiko_hijaise_hihawa_hilag_higyi_hiho_hiright2privacy_restmsgverdict_rest,0,0,0,0,,,,,,
801,khattar_hisahib_hine_hiik_hibaat_hitoh_hisabit_hikar_hihi_hidi_hihai_hike_hikaise_hipolitics_enmein_hiik_hitarf_hidosti_hinibate_hihai_hiaur_hikaise_hidhokha_hidete_hihai_hi,0,0,0,0,,,,,,
1336,sir_enaap_himamta_restdi_hiko_hikaise_hisamjayenga_hiuneh_hisarcasm_resthi_hidikh_hitah_hihai_hihar_hicheez_himei_hifeel_enshame_enepisode_enjaihind_hi,0,0,0,0,,,,,,
554,ek_hikaam_hibhool_higaya_hiki_hitripletalaq_restpe_hipani_hifer_hidiya_hitumhari_hihalala_hiki_hidukaanein_hiband_hihone_hiwali_hihai_hi,0,0,0,0,,,,,,
1050,mean_enmunfaqt_hibhi_hihaad_hihoti_hihai_hiik_hibura_hihai_hialtaf_hihussain_hiko_hisupport_enkrein_higy_hiirony_rest,1,1,1,1,,,,,,
388,siraj_hiul_hihaq_hishaheehdon_hiki_himaghfirat_hik_hidua_hikarein_hibohat_higunah_hihogaye_hithay_hinamaziyon_hike_hiisiliye_hiallah_hine_hiwapis_hibula_hiliya_hihaina_hisarcasm_rest,1,1,1,1,,,,,,
547,kya_hibaat_hihai_hibus_hicricket_enfit_enkhelen_hitabligh_hiki_hikhair_hihai_hi,0,0,0,0,,,,,,
343,insaan_hichaand_hipe_hipohanch_higaya_hiabhi_hibhi_hilog_hippp_restaur_hipml_restn_hiko_hisupport_enkarte_hihain_hiirony_rest,1,1,1,1,,,,,,
37,sanjive_hisir_enaap_hibikul_hisahi_hibol_hirahe_hiho_hibjp_hiki_hisarkar_hisirf_hipolitics_enwalo_hiki_hiazadi_hihai_hiaur_hidesh_hike_hiliter_enki_hibaki_hiaam_hiadmi_himar_hiraha_hih_hi,0,0,0,0,,,,,,
305,cricket_restkya_hisri_hilanka_hike_hiballebazo_hiko_hiapni_hisoch_hiko_hichange_enkrne_hiki_hijarrurat_hiha_hikya_hiunko_hinormal_engame_enkhelna_hichahiya_hiasktheexperts_rest,0,0,0,0,,,,,,
194,ye_hikhauf_himujhe_hiacha_hilaga_hirohitsharma_restmikehussey_restaustralia_restcricket_restindia_rest,0,0,0,0,,,,,,
645,jin_hike_hisath_hihum_hiapni_hizindagi_hibitaane_hike_hikhwaab_hidekha_hikarte_hiaj_hiunke_hikhwaabo_hiaane_hise_hihum_hisehem_hise_hijaatey_hihain_hiirony_rest,1,1,1,1,,,,,,
279,labour_hibechari_hichutti_hikr_hik_hibhuka_himarnay_hise_hitw_hirahi_hiirony_rest,1,1,1,1,,,,,,
474,sahi_hihai_hiallabout_resthoneypreet_restmonday_restright_restgo_restcaptur_restharyana_restpunjab_restramrahim_restpolice_restcrime_restcase_restglamourgirl_restbollywood_rest,0,0,0,0,,,,,,
172,lahore_hiaward_entakreeb_hione_enday_enky_hibehtreen_hikhilari_hika_hiaward_enbabar_hiazam_hike_hiname_en,0,0,0,0,,,,,,
1001,uttar_hipradesh_hibadal_hiraha_hihai_hiaage_hibad_hiraha_hihai_hisarcasm_rest,1,1,1,1,,,,,,
1363,opposition_enke_hiwo_hibhi_hinh_hihai_hiagar_hiinsaniyat_hihoti_hibade_hibade_hibaat_hikarne_hike_hialawa_hiaur_hipolitics_enkarne_hike_hialawa_himarne_hiwalo_hike_hiliye_hikarte_hi,0,0,0,0,,,,,,
259,sir_enfatwa_hitarah_hise_hiaapne_hipe_hiapni_hiopinion_enrakhi_hithi_hiaaj_hisc_hine_hipe_hiapna_himuhar_hilaga_hidiya_hi,0,0,0,0,,,,,,
182,aur_hiyeh_hidekh_hike_hiphir_hiapne_hiaap_hiko_hithappad_himaar_hibollywood_hika_hi1_restdisaster_enstar_enphir_hibhi_hisharam_hinahi_hihai_hitujhe_higaandu_hi,0,0,0,0,,,,,,
239,aajkal_hitriple_entalaq_hike_hikisse_hinazar_hinahi_hiaa_hirhe_hiarey_hihaa_hiab_hikoi_hichunaav_hithodi_hihai_hiind_en,0,0,0,0,,,,,,
1115,horan_hirasta_hilo_hiye_hibhi_hisuno_himujhe_hidawat_hie_hiislami_hise_hipyar_hihai_hisarcasm_rest,0,1,1,1,,,,,,
871,tujhe_hitriple_entalaq_hiya_hikulbhushan_hijadhav_hikarna_hihai_hitoh_hibhi_hichalega_hi,0,0,0,0,,,,,,
511,itani_hipatari_hise_hiutar_hirahi_hihai_hisudharna_hinahi_hihai_hiseat_enbelt_enhi_hilagwa_hisarcasm_rest,1,1,1,1,,,,,,
1229,scindia_restek_hitraf_hitriple_entalaq_hik_hinaam_hipr_himahilao_hiko_hishaskti_hikaren_hiki_hibatein_hidusri_hitraf_himp_hiji_hiki_hijail_enbhijwaya_hi,0,0,0,0,,,,,,
683,sakshimaharaj_restkya_hifooka_hihai_hiaapne_hiaaj_hibahut_hiachi_hiquality_enka_hilagta_hihai_hitabhi_hiaise_hide_hirahe_hihai_hiirony_restganeshchaturthi_resthai_hiaaj_hi,1,1,1,1,,,,,,
1221,ye_hipakistani_hisainik_hika_hikhat_hihoga_hibhatiye_hihota_hipatra_hilikhta_hitatsam_hihindi_enya_hisanskrit_enmein_hisarcasm_rest,1,1,1,1,,,,,,
1067,girlsnameilike_restnatalie_ensarcasm_rest,0,0,0,0,,,,,,
734,kitne_hisharm_hiki_hibaat_hihai_hiye_hicongresi_hisale_hibachhon_hiki_himaut_hipe_hibhi_hivote_enbank_enki_hipolitics_enkarte_hihain_hicongress_enaur_hiterrorist_endono_hiek_hihi_hihain_hi,0,0,0,0,,,,,,
1021,ye_hidhoni_hituja_hiraina_hivar_hibharosa_hinahi_hika_hile_hina_hiusko_hicricket_enteam_enjaate_hijaate_hiachha_hikaam_hikarke_hija_hikuch_hijara_hi,0,0,0,0,,,,,,
724,tyacha_hibollywood_himadhun_hivishay_hisampvun_hitaka_hipay_entheu_hideu_hinaka_hityala_hityachya_hiaai_hibapani_hikahich_hinahi_hishikvale_hityala_hivachalvir_hiaahe_hi,0,0,0,0,,,,,,
98,khawaja_hishb_hisharam_hikrain_hipar_hibhee_hipolitics_enaap_hika_hileader_enlondon_hiku_hielaj_hikrata_hihai_hi,0,0,0,0,,,,,,
1265,bilawal_hibecharay_hipe_hiaata_hihai_himujhay_hiyeh_hiqabil_hinahin_hihai_hik_hipolitics_enkar_hisakay_hi,0,0,0,0,,,,,,
249,bet_enshaitan_hiki_hikhala_hidosro_hiki_hikhushyo_hika_hikhayal_hikarti_hihain_hiirony_restp_rest,1,1,1,1,,,,,,
885,haaaa_hibatao_hibollywood_hike_hikitne_hibure_hidin_hiaa_higaye_hihai_higandi_hinali_hike_hikeere_hike_hialawa_hikuch_hinahi_hihai_hitere_hijaise_hilog_hi,0,0,0,0,,,,,,
1036,aaoge_hijab_hitum_hisaajana_hihappiestwhensinging_restjabwemet_restrashidkhan_restbollywood_restmelody_rest,0,0,0,0,,,,,,
799,cricket_restvivek_hirazdan_hikya_hifree_encommentary_enkarte_hihain_hi,0,0,0,0,,,,,,
1254,tripletalaq_restke_hiissue_eninko_himuslimwomenempowerment_restki_hifikr_hihai_hiinki_hisafety_enka_hikoi_hiarrangement_ennhi_hiwah_hibikgayigovernment_rest,0,0,0,0,,,,,,
617,kpl2017_restbb_rest11_restkc_hifantasycricket_restvishwanathan_hisamarth_hibhavane_hideshpande_hirbhatkal_himreddy_hiabhat_himyadav_hikrishna_enkoushik_hikader_hi,0,0,0,0,,,,,,
1120,play_endream11_restpak11_restkcfantasynews_restzaman_hishehzad_hiazam_himalik_hisahmed_hiimad_hishadab_hisohail_hihali_hiraees_hi,0,0,0,0,,,,,,
472,tum_highanay_higao_hipolitics_entum_hisai_hinahi_hihu_highee_hivada_hikai_hisath_hiaish_hikero_hicha_hicha_hi,0,0,0,0,,,,,,
613,story_enkuch_hina_himile_hideshbhakti_hipe_hipicture_enbana_hiyaar_hileast_enkoi_hibura_hibol_hinehi_hipayega_hibollywood_rest,0,0,0,0,,,,,,
735,aaj_hiaap_hine_hitoh_hilajwaab_hikhela_hi,0,0,0,0,,,,,,
45,karachi_hipakistan_hicricket_enteam_enke_hicapton_hisarfaraz_hiahmed_enbaray_hibhai_hike_hihamrah_himaweshi_himandi_hipuhanch_higaye_hiqurbani_hika_hijanwar_hikharid_hilia_hi,0,0,0,0,,,,,,
1012,dubai_hiicc_restodi_hiranking_hijari_hijunobi_hiafrica_hipehlay_hiaustralia_endosray_hibharat_restteesray_hiaur_hipakistan_restchattay_hinumber_enper_hiaa_higaya_hicricket_rest,0,0,0,0,,,,,,
155,abey_hisuwar_histrict_enlaw_enkahan_hilikha_hiclear_enbolna_hiki_hitriple_entalaq_hiban_himat_hikaro_hipichey_hise_hivaar_hikarna_hitum_hilog_hi,0,0,0,0,,,,,,
575,kya_histud_enbanda_hihai_hitu_hiyaar_hiwah_hiwah_hisarcasm_rest,1,1,0,0,,,,,,
159,aur_himain_hihamesha_himuzloom_hihoti_hihai_hiaur_hibachpan_hisay_hikutta_hikameena_hietc_hietc_hiirony_rest,1,1,1,1,,,,,,
17,log_hipatthar_hiko_hipoojte_hihain_hiaur_hiphoolon_hiko_hitod_hideta_hihain_hiirony_rest,1,1,1,1,,,,,,
695,release_enhi_hinahin_hihui_hihai_hiaaj_hitak_hiirony_restp_rest,0,1,1,1,,,,,,
841,ek_hisawal_hidil_hise_hisabhi_hikokya_hirishto_hiko_hilove_enjod_hik_hirakhega_hiya_hijustask_rest,0,0,0,0,,,,,,
394,kuch_hibhi_hihar_hikoi_hikisi_hika_hiagent_enhai_hiye_hitoh_hipolitics_enni_hitoh_hini_hihote_hiye_hilog_hi,0,0,0,0,,,,,,
495,duniya_himein_hisonam_higupta_hihi_hinahi_himere_hidost_hibhi_hibewafa_hih_hisarcasm_restbrij1709_rest,1,1,1,1,,,,,,
1250,viratkohli_restvirushka_restanushkasharma_restindvsl_restcouple_restbollywood_restcricket_restgogreen_hivirat_hianushka_restgogreen_hisrilankapic_hitwitter_en,0,0,0,0,,,,,,
634,irony_restlife_enraat_hiko_hisoya_hinahi_hijaata_hiaur_hisubah_hiutha_hinahi_hijaata_hi,1,1,1,1,,,,,,
685,rashid_hialvi_hisahab_hikuch_hikhate_hipeete_hiko_hijawaab_hide_hirahe_hihai_hiirony_restpetrol_rest,0,1,1,1,,,,,,
268,dee_restawww_hicayutee_hisarcasm_rest,0,0,0,0,,,,,,
432,kamal_hihai_hipm_hipata_hinahi_hikya_hibol_hirahe_himere_highar_hik_hiangan_hiwale_hiped_hipar_hipaisa_hiugta_hihai_himain_hijab_himarji_hitab_hikar_hile_hileta_hihun_hisarcasm_rest,1,1,1,1,,,,,,
749,koi_hih_hiaisa_hibollywood_hijisme_hitumko_hiachhae_hizara_hiv_hidikhta_hiho_hiq_hiki_hiavi_hitak_himujhe_hinazar_hinahi_hiaaya_hisab_hiki_hitum_hiburae_hihi_hikarte_hiho_hi,0,0,0,0,,,,,,
1116,laanet_hitujh_hipar_hiphir_hise_hipolitics_enwo_hitime_enyaad_hinahi_hijab_hitumhara_hileader_enabu_hinewaz_hishareef_hibecha_higarri_hikey_enneechey_hidu_hikar_hibhaga_hitab_hilaanti_hi,0,0,0,0,,,,,,
205,imran_hikhan_hispoke_enshikarpur_restbus_hitaliban_hika_hinaam_hilaina_hibhool_higayee_hiirony_rest,1,1,1,1,,,,,,
1083,true_enhar_hicheez_hiki_hikeemat_hiuske_hikho_hijane_hipar_hihi_himehsoos_hihoti_hihai_hiirony_rest,1,1,1,1,,,,,,
1317,kuch_hilog_restmoke_hike_himohtaaj_restnahin_hihote_hicricket_restkhelte_hirahna_hihi_hibadi_hibaat_hihai_hi,0,0,0,0,,,,,,
757,jo_hibhi_hiho_hiusweqt_hik_hihero_endr_hikafeel_hikhan_hihi_hihai_hijo_hiusweqt_hijo_hibhi_hikar_hisakte_hikiya_hiab_hitoh_hibus_hipolitics_enho_hirahi_hihai_hi,0,0,0,0,,,,,,
1324,ironey_restpolitics_restsatire_restneta_hichunaav_hikhade_hihi_hiiesliye_hihote_hihain_hiki_hikursi_himil_hijaye_hibaki_hiaage_hika_hitoh_hiaaplog_hiko_himaloom_hihi_hihai_hi,0,1,1,1,,,,,,
627,sir_enchar_hitango_enwali_hikursi_hise_hichupak_hikar_hiwo_hibaithate_hihain_hijo_hikhud_hiapni_hitaango_hipe_hikhade_hihokar_hikuch_hikar_hinahi_hisakte_hiirony_rest,1,1,1,1,,,,,,
514,sir_eninternational_encricket_enke_hiaayojan_hika_hibhi_hikuch_hikijiye_hiaur_hibihar_hicricket_enke_hiliye_hibhi_hi,0,0,0,0,,,,,,
364,virodhabhasam_hiirony_rest,0,0,0,0,,,,,,
930,mashaa_hiallah_hinajeehum_hiya_hirabi_hisarcasm_rest,0,0,0,0,,,,,,
181,nawaz_hisharif_hiaur_hizardari_hiko_hielect_enkarni_hiwali_hiqom_hitrump_enpar_hitanqeed_hikr_hirahi_hihai_hiirony_rest,1,1,1,1,,,,,,
328,hope_enye_hiache_hidin_hiabhi_hiaur_hiache_hina_hiho_hisarcasm_restbanksebachao_rest,1,1,1,1,,,,,,
892,abadhuves_hibadhal_hikuran_himi_enulhevenee_himeehaa_hibadhal_hikuranvee_hiusool_hithah_hihama_hithah_hivalue_enbased_enpolitics_ennethiyyaa_himi_enaniyaa_hithakuraar_hivaane_hi,0,0,0,0,,,,,,
36,kuchh_hilog_himuslim_hiko_hihiro_hibanae_hilage_hirahte_hihai_hiye_hibollywood_himovie_enjaisa_hiki_hihamesa_himuslim_hiko_hiachha_hiaur_hihindu_hiko_higalat_hihi_hidikhaya_hijata_hihai_hi,0,0,0,0,,,,,,
1368,bhai_hismartcric_hiapp_hibhai_hiusme_hiduniya_hike_hipure_hilive_encricket_enchalte_hieven_enbarmuda_hika_hibhi_himil_hijayega_hi,0,0,0,0,,,,,,
187,zinda_hilog_hiikaththa_hiho_hirahe_hihain_hikahin_hikoi_himar_higya_hihai_hishayad_hishair_restkavya_restirony_restlife_rest,1,1,1,1,,,,,,
30,justiceforsharoonmaseeh_restkab_hitak_hihum_hikhud_hiko_hiafzal_hismjh_hike_hidosron_hika_hikhoon_hibahaen_higein_hikab_hiwant_enirony_rest,1,1,1,1,,,,,,
647,bollywood_restbhaag_himilkha_hibhaag_hi,0,0,0,0,,,,,,
523,mere_hipitaji_hiek_hikisan_resthai_hikya_hikoi_hibank_restke_hi12lac_restchukane_himai_hibollywood_restse_hihelp_restkarega_hinews_restnana_rest,0,0,0,0,,,,,,
659,kya_histudent_enki_hivoice_enraise_enkregi_hiya_hitripletalaq_resthi_hibusy_enrhegi_hiyahan_hihm_histudent_enka_hiaaye_hidin_hirape_restho_hirha_hiha_hiuska_hikuchh_hini_hi,0,0,0,0,,,,,,
425,har_hidilli_hiwala_hiapne_hiko_hismart_ensamjhta_hihai_hiirony_rest,1,1,1,1,,,,,,
776,yeh_hipakistani_enpolitics_enmain_hinae_enho_hiraha_hiya_hiwese_hiiske_hich_hisarwar_hike_hisath_himilne_higaya_hikuch_hidin_hipehle_hiik_hike_hisath_hitha_hi,0,0,0,0,,,,,,
1343,ye_hipolitics_enwalle_hisirf_hibhasan_hihi_hide_hisakte_hihai_hikarna_hikuch_hinai_hiaatta_hiinhe_hipehle_hise_hikarne_hipath_enrahi_hithi_hi,0,0,0,0,,,,,,
395,yeh_hiunke_hiliye_hisarcasm_resttha_hijo_hisab_hijagah_hiaag_hiaur_higussa_hifela_hirahe_hihain_hibilkul_hitheek_hihum_hisudhrenge_hijag_ensudhrega_hi,0,0,0,0,,,,,,
439,indvspak_restye_hitrend_endono_hideshon_hiko_himatch_enk_hipehle_hijitna_hikareeb_hilata_hihai_himatch_enk_hibaad_hiutna_hihi_hidoor_hikar_hideta_hihai_hiirony_rest,1,1,1,1,,,,,,
1022,triple_entalaq_himuslim_hihail_enpm_hinarendra_restmodi_restyogi_enadityanath_hisend_enrakhis_hi,0,0,0,0,,,,,,
440,beta_himarne_hitak_hipadh_hilo_hifir_himaze_hihi_himaze_hihai_hisarcasm_resttrending_restretweet_rest,1,1,1,1,,,,,,
1203,ye_hihota_hihai_himr_enchu_hika_hisoch_hijo_hivote_enbank_enpolitics_ense_hiupar_hiuth_hihi_hinahi_hisakta_hi,0,0,0,0,,,,,,
537,bhature_hike_hibina_hiadhura_hih_hichole_hiaur_hibhaji_hike_hibina_hipav_hiaussiesabjaantahai_restindia_hiusko_hicricket_enharana_hijaanta_hihai_hi,0,0,0,0,,,,,,
903,jay_restsuna_hihai_hiaap_hinay_hikoi_hidhamaka_hikiya_hihai_hint_higet_enfarewell_enparty_enirony_rest,0,1,1,1,,,,,,
2,yeah_enipl_hihai_hisir_enyaha_hisab_hikuch_hihota_hihai_hisarcasm_restmivsrh_restiplt20_rest,1,1,1,1,,,,,,
253,display_enpicture_ensooooooo_hilagta_hihai_hidunya_hikeh_hisaamnay_hitumhara_hiraaz_hifaash_hihogaya_hihai_hiab_highar_hiajao_hisarcasm_restkindlyadjust_rest,0,1,1,1,,,,,,
529,bjp_hiko_hiapane_himatlab_hiki_hibhasha_hipasand_hitripletalaq_restsamarthan_hichahiya_hiaap_hiachhey_hiho_hipar_hirohingyamusalman_restki_hibaat_himat_hikaro_hiwah_hibjp_hi,0,0,0,0,,,,,,
350,isme_hibhi_hika_hihaath_hihoga_hisarcasm_rest,1,1,0,0,,,,,,
862,life_restvaani_hikapoor_hipehle_hibhi_himodel_enthi_hiaur_hiab_hibhi_himodel_enban_hikar_hihi_hireh_higayi_hihai_hi,0,0,0,0,,,,,,
787,agar_hiowaisi_hiabhi_hiequality_enki_hibat_hikar_hiraga_hihai_hitriple_entalaq_hike_hibare_himein_hikyu_hihai_hipl_hiask_en,0,0,0,0,,,,,,
228,azeem_hihain_hiwo_hilog_hijo_himulk_hiki_hiawaam_hiki_hikhoon_hipaseene_hiki_hikamai_hilootne_hik_hibaad_hib_hipakistanzindabad_restk_hinaray_hilagate_hihen_hiirony_rest,1,1,1,1,,,,,,
32,bawana_hilogo_hiko_hilaga_hievm_hika_hikoi_hibhi_hibutton_endabaoge_hivote_enbjp_hijo_hiho_hijayega_hiisliye_hilogo_hine_hiaap_hika_hibutton_endabaya_hisarcasm_rest,1,1,1,1,,,,,,
835,triple_entalaq_hibhul_higaye_hiji_hi,0,0,0,0,,,,,,
1357,burnol_histock_enmodi_restaur_hijashodaben_hiko_hitroll_enkarke_hikaam_hichala_hirahe_hihain_hitripletalaq_resttripletalaqover_rest,0,0,0,0,,,,,,
699,tripletalaq_restse_hisab_hise_hijayada_hikhushi_hibjp_hiwalo_hiko_hihoi_himano_enki_hiunko_hitalaq_hise_hiazadi_himilgai_hi,0,0,0,0,,,,,,
873,arey_hijaan_hiloge_hikya_hibacchi_hiki_hikitna_hiantar_hihai_hihind_hidesh_hik_hiniwasi_higane_himain_hiaur_hijana_higana_himana_himain_hi19_rest20_restka_hitoh_hiantar_hihai_hisarcasm_rest,1,1,1,1,,,,,,
466,retweet_hikar_hidu_hipar_hikoi_himujhe_hifollow_enkarnewala_hibhi_hihona_hichahiye_hiretweet_hiko_hipadhne_hike_hiliye_hiirony_rest,1,1,1,1,,,,,,
718,agar_hivirat_hine_hiinse_hicricket_ensikha_hihai_hivirat_hiki_hikoi_higalti_hinehien_hihai_hikinyo_hiki_hikon_hijanta_hihai_hikoie_hiadmi_hikab_hikiya_hibansakta_hihai_hi,0,0,0,0,,,,,,
1176,cricket_ennews_enhashim_hiamla_hine_hishaandaar_hibatting_enki_hithisara_hiperera_hiki_hibhi_hiachi_hirahi_hisarfaraz_hiahmed_en,0,0,0,0,,,,,,
1302,kehne_hike_hiliye_hitoh_hi1000_resthai_hipar_hibaat_hikarne_hike_hiliye_hikoi_hini_hiirony_rest,1,1,1,1,,,,,,
10,hota_hihi_hisir_enaisa_hitime_enbhi_hiata_hijab_hiapke_hiliye_hikuch_hibhi_hiaccha_hinahi_hijaa_hiraha_hiho_hicricket_enmain_hiaisa_hibhi_hihota_hihai_hisir_en,0,0,0,0,,,,,,
100,arey_hibhaio_hiram_himandir_hibanega_hiya_hinai_hitriple_entalaq_hichayie_hiya_hinai_hiaasaram_hibapu_hitharki_hihain_hiya_hinai_hihahahaha_hi,0,0,0,0,,,,,,
697,hadd_hihai_hibesharmi_hiki_hipoora_hibihar_hiflood_ense_hibehaal_hihai_hihai_hiaur_hiaapko_hipolitics_enki_hichinta_hihai_hikuch_hisharm_hikr_hilo_hi,0,0,0,0,,,,,,
286,nai_hiline_enmar_hirai_hithi_hibai_hisarcasm_resttha_hirt_hihaan_hijee_hiapp_hijaisa_hikoi_hizindagi_himein_hiaaye_hitou_hibaat_hibunn_hijaaye_hisarcasm_rest,0,1,1,0,,,,,,
122,hai_hibilkul_hihai_hipliss_hinaukri_hidilwaa_hirt_higenuine_enhr_hibande_hiki_hikadar_hihi_hinahi_hihai_hiirony_rest,0,1,1,1,,,,,,
1162,jo_hijyaada_hialag_hiho_hiwahi_hicheej_hiattract_enkarti_hihai_hijo_hibhaav_hikum_hide_hiwahi_hisabko_hipasand_hiaati_hihai_hiaissaa_hikyu_hiirony_rest,1,1,1,1,,,,,,
693,triple_entalaq_hibandh_hi4_restshadi_hishadi_hiregister_enmandir_hiwahi_hibanaoge_hisaman_hikanoon_hi370_resthatana_hibichare_hidarenge_hinahi_hikya_hi,0,0,0,0,,,,,,
417,waqt_hibadla_hiinsaan_hipagal_hiho_higaya_hiaur_hiphone_ensmart_enirony_rest,1,1,1,1,,,,,,
700,aajkal_hilogo_hika_hisurname_enmiddle_enname_enaur_hijio_restsurname_enban_higaya_hihai_hijio_restsarcasm_rest,1,1,1,1,,,,,,
1099,aur_hijanab_hihogaye_hiimran_hinazeer_hisahab_hisarcasm_rest,0,0,1,0,,,,,,
882,priceless_enjhuki_hijhiki_hisi_hinazar_hipal_enpal_endil_hike_hituj_hise_hinaraz_hinahi_himere_hisapnon_hiki_hirani_hibollywood_restmusic_rest,0,0,0,0,,,,,,
778,desh_hiaage_hibadh_hiraha_hihain_hitoh_hikya_higas_encylinder_enka_hiprice_enaage_hinaa_hibadhe_hisarcasm_restgaribokisarkar_rest,1,1,1,1,,,,,,
719,bichara_hikhuch_hiaada_hise_hike_hirut_enhi_hibadal_higai_hiek_hishaks_hicricket_enko_hiveeran_hikar_higaya_hithankyouafridi_rest,0,0,0,0,,,,,,
1259,triple_entalaq_himahilao_hika_hihanan_hihai_hiaarkshan_hikya_higatib_higenral_hicast_enk_hiliye_hivardan_hihai_hijawab_hidijiye_hisarkar_hi,0,0,0,0,,,,,,
346,bhai_hicricket_enmovie_enlamborghini_hika_hifarak_hihai_hibaaki_hisabh_hihumar_hijaise_hiho_hi,0,0,0,0,,,,,,
19,politics_enitni_hibhi_hinahi_hikhelni_hichahiye_hiki_hihone_hivale_hidango_hiko_hibhi_hina_hidekh_hisako_hidedicated_hibjp_hi,0,0,0,0,,,,,,
1219,news_resttank_enk_hisaath_hiammo_enbhi_himang_hilete_hiinsecurity_enk_hisaath_hisaath_hisecurity_enki_hiproblem_enbhi_hidur_hiho_hijati_hisarcasm_rest,1,1,1,1,,,,,,
1164,demand_enkarne_hiwalon_hiki_hisupply_enzyada_hihai_hiirony_restfb_rest,1,1,1,1,,,,,,
378,saare_hibaghwaan_hiapne_highar_hipe_hihai_hichaar_hidham_hiki_hiyatra_himat_hikaro_hiuttrakhand_himat_hijao_hiaunty_hiuttrakhand_himeet_engod_enirony_rest,1,1,1,1,,,,,,
679,hum_hikutto_hise_hidosti_hikarte_hihain_hiaur_hiinsano_hise_hidushmani_hiirony_rest,1,1,1,1,,,,,,
60,bam_restbhai_hichutiyo_hibhakto_hiki_hibaat_hip_hidhyan_himt_hidiyo_hiye_hiapni_himaa_hibehn_hiko_hib_hiuse_hikrte_hih_hipolitics_enk_hiliye_hi4_restk_hiliye_higaali_hib_hidete_hih_hi,0,0,0,0,,,,,,
662,mazahiya_restsarcasm_restvyang_rest2_resthain_hi2_restpuppy_enko_hipaalne_himein_hihai_hibhala_hikabahaat_hikya_hik_hise_hichori_hika_hikhatra_hibhi_hidoor_hihota_hihai_hi,0,1,0,0,,,,,,
101,sc_hisirf_hitriple_entalaq_hik_hisunwayi_hitak_hiseemit_hirah_higya_hihai_hikya_hi,0,0,0,0,,,,,,
926,aah_hiyahan_hitou_hijiski_hidarhi_hinahin_hiwoh_himuslim_hinahin_hiagar_hihai_hitou_hikamzoor_hiiman_hiwala_hiirony_restdarhi_hisay_himusalman_hinahin_hihota_hi,0,1,1,1,,,,,,
664,beer_enchadh_higayi_hiirony_rest,1,1,0,0,,,,,,
1242,abah_hiaisa_hiachi_hibaat_hihai_himadam_ensarcasm_rest,0,1,0,0,,,,,,
861,pakistani_hiteam_enaur_hisabiq_hicricketer_enbhi_hitaqreeb_hiki_hironaq_hibarrhaenge_hikarachi_himain_hicricket_enk_hiek_hideewane_hine_hiapni_hicar_enhashim_hiamla_hik_hinaam_hikar_hidi_hi,0,0,0,0,,,,,,
375,nonstop_enanumalik_hisinging_enek_higaram_hichai_hiki_hipyaali_hiho_hikoi_hiusko_hipilaane_hiwaali_hiho_hichaahe_higori_hiho_hiya_hikaaliho_hidamn_enbollywood_rest,0,0,0,0,,,,,,
446,inshallah_himetro_hibantay_hittp_restka_hikhatma_hihojaye_higa_hishowbazshareef_restsarcasm_rest,1,1,1,1,,,,,,
426,haha_hiye_hisahi_hihai_hiaise_hipopulation_encontrol_enbhi_hihoga_hiaur_hiinternet_hipe_hiwo_hisab_hibhi_hinahi_hikhulenge_hisarcasm_rest,1,1,1,1,,,,,,
573,english_enlanguage_enpadhna_hitha_hiaur_hihum_hienglish_ensubject_enpadh_hikar_hibade_hihogaye_hiirony_rest,1,1,1,1,,,,,,
90,3_restbollywoodchutiapa_restaurat_hikhilona_hinahin_hiaadmi_hikhilona_hihai_hibollywood_rest,0,0,0,0,,,,,,
303,uttar_hipradesh_hirehna_hihoga_hiyogi_enyogi_enkehna_hihoga_hibolo_hiyogi_enji_hikab_hibhej_hirahe_hiho_hiapni_hisena_hiko_hikabristan_hirape_enkarne_hisarcasm_rest,1,1,1,1,,,,,,
615,agar_hiye_hibaat_higujarat_hiwale_hibaba_hine_hikahi_hihoti_hihum_hisab_hiunki_hibadhai_hikar_hirahe_hihote_hiaur_hiakalmandi_hiki_hitareef_hikarte_hihote_hiirony_rest,1,1,1,1,,,,,,
900,yaha_himera_hibihar_hiduba_hihai_hiaur_hibhai_hitujhe_hipolitics_enaa_hirahi_hihai_hi,0,0,0,0,,,,,,
135,tripletalaq_restagar_hiaastha_hihai_himuslim_hika_hikoi_hisamman_hinahi_hihai_hiislam_en,0,0,0,0,,,,,,
1347,bhai_hichai_hipeeke_hiaata_hihu_hithoda_hiwait_enkroge_hiya_hiapka_hishift_enkhatm_hihogya_hiwaise_hikitna_hikamaate_hiho_hiper_hihate_entwt_hikeliye_hisarcasm_rest,1,1,1,1,,,,,,
473,kyunkiyeh_hiindia_enhai_hiauryahan_hihartarahki_hichhoot_hihai_hijo_hidoosredeshme_hinahimilti_hijaise_hitripletalaq_hijo_hikai_hilogonkepyarepakistanmebhi_himanaa_hihai_hi,0,0,0,0,,,,,,
768,sheher_hiki_hidiwarein_himardana_hikamzori_hise_hirangi_hihai_hiaur_hilog_hikehte_hihai_hiki_hiaurat_hikamzor_hihai_hisarcasm_rest,1,1,1,1,,,,,,
587,bollywood_hiab_hikhan_hisultanat_hiki_hikhatma_hiaa_higaya_hisalman_hike_hibad_hiab_hishah_hirukh_hiki_hiflop_enhone_hiki_hibari_enachche_hiactress_enko_hifilm_enlena_hitha_hina_hi,0,0,0,0,,,,,,
1237,record_enapne_hinaam_hikare_hike_hibaare_hikisi_hine_hikhabhi_hikalpana_hibhi_hina_hiki_hihogi_hisir_enagar_hiapp_hicricket_enko_hibhahut_hiaachi_hitarah_hisee_hikheloge_hisir_en,0,0,0,0,,,,,,
405,kamar_hipatli_hijitni_hiutna_hihi_hizyada_himazaa_hihai_hisalman_higrabbing_hizareen_hikhan_hiwaist_enirony_restcharacterdheela_rest,1,1,1,1,,,,,,
168,jo_hihua_hihua_hipar_hiab_hibollywood_restwaalo_hiko_hi10_restyear_entak_hirahat_himil_higyi_hihogi_hi,0,0,0,0,,,,,,
1143,oye_himika_restpaaji_hicha_higaye_hitussi_hioye_hichak_hide_hiphatte_hibollywood_restcelebrityisland_restshahrukhkhan_restmika_rest,0,0,0,0,,,,,,
671,ek_hidil_hijala_hihota_hihai_hiuper_hise_hibc_hiarijit_hizakhmon_hipe_hinamak_hichirakta_hihai_hi,0,0,0,0,,,,,,
123,haan_hibjp_hine_hidesh_hiko_hiye_hijaroor_hibataya_hiki_hihar_hiinsaan_hidesh_hika_hihissa_hihain_hiab_hijab_hilog_hibolenge_hivote_enpolitics_enkhatre_himein_hipadengi_hi,0,0,0,0,,,,,,
1133,roti_hijal_higayi_hihai_hipar_hikhana_hiachchha_hihai_hisarcasm_rest,1,1,1,1,,,,,,
24,noori_restaaho_hisarcasm_restbhi_hilikha_hihai_himainayyyy_hi,0,0,0,0,,,,,,
874,bacha_hiabhi_hipaida_hinhi_hihota_hinachny_hiwaly_hiphly_hiaa_hijaty_hihn_hibhai_hiphly_hipakistan_himn_hicricket_enbhd_himn_hifaida_hinuqsan_hidekhy_higy_hi,0,0,0,0,,,,,,
637,aurat_hiya_himard_hiki_hilife_entalaq_hise_hibarbad_hiho_hisakti_hihai_hiteen_hitalaq_hitalaq_hiko_hirokne_hike_hilye_hihai_hik_hibanda_hitalaq_hidene_hise_hibaz_hiajaye_hilekin_hipolitics_en,0,0,0,0,,,,,,
912,ab_hihoga_hicricket_restaur_hibhi_hiromanchak_hiqki_hiindoor_encricket_restko_hinahi_hihai_hibarish_hise_hidar_hiindoorcricketworldcup_restteamindia_restcricket_rest,0,0,0,0,,,,,,
163,haahaa_hiirony_rest,0,0,1,0,,,,,,
349,bhai_hihum_hisab_hibhi_hidoor_hirahte_hithy_enmai_hibhi_hipolitics_enmai_hikoi_hiinterest_ennahi_hirakhti_hithi_hisirf_hitextile_enke_hibaare_himai_hihi_hijaanti_hithi_hi,0,0,0,0,,,,,,
1213,waaaaaaaaaaaaaaaaaaaaaaaaaaah_hikya_hilife_enhai_hisarcasm_rest,0,1,0,0,,,,,,
221,aabhi_hitak_hiye_hibaat_hisamajh_hinahi_hiaai_hitriple_entalaq_himusalmano_hik_hiliye_hiban_hihuvi_hihai_himagar_hikhush_hiho_hirahain_hihain_hi,0,0,0,0,,,,,,
893,odi_hiranking_hijari_hijunobi_hiafrica_hipehlay_hiaustralia_endosray_hibharat_hiteesray_hiaur_hipakistan_hichattay_hinumber_enper_hiaa_higaya_hicricket_rest,0,0,0,0,,,,,,
1281,logon_hiko_hisharab_hipee_hikar_hihudang_hikarne_hika_himauka_himil_hijata_hihai_hiisse_hibadh_hike_hiholi_hika_hikya_himahattva_hiho_hisakta_hihai_hisarcasm_rest,1,1,1,1,,,,,,
674,rt_restroom_enki_hisab_hideewaron_hipe_hiphoto_enhai_hitera_hitera_hi3_restdhoni_restcricket_rest,0,0,0,0,,,,,,
582,bhai_hitujhe_hiaur_hiteri_hikaum_hiko_himubarak_hihoo_hitriple_entalaq_hi,0,0,0,0,,,,,,
1200,bhai_hiyeh_hikaisa_hifreedom_enspeech_enhai_hijaha_hihar_hibaat_hijo_hiacha_hinahin_hilagne_hipe_hipakistan_hijaane_hiki_hibaat_hikarte_hiho_hiirony_rest,1,1,1,1,,,,,,
372,shakeel_hibhai_hiaap_hikab_hise_hipolitics_enki_hibaat_hikarne_hilage_hihai_hi,0,0,0,0,,,,,,
578,cricket_enki_hiwapsi_hithik_hijo_hiaaye_hihai_hiunki_hiunke_himulk_hiwapsi_hihoni_hichahiye_hi,0,0,0,0,,,,,,
53,acha_hihua_hiaapne_hisarcasm_restlikh_hidiya_hiaapi_hi,0,0,0,0,,,,,,
43,av_hinitesh_hikumar_hika_hiasli_hichehra_hijanata_hike_hisamne_hiav_hiniteshji_highar_hibaith_hijaiye_hipolitics_himou_hise_hikrega_hisaram_himagar_hinitesh_hiko_hinhi_hiata_hibesaram_hi,0,0,0,0,,,,,,
386,sirf_hiapni_hipolitics_enchamkane_hik_hiliye_hiitni_hibheed_hijama_hikarli_himagar_hidhau_hiulta_hipad_higaya_hilene_hik_hidene_hipad_higae_hi,0,0,0,0,,,,,,
1168,lagta_hihai_hi2019_restmein_hicricket_ensamaapt_hihone_hiwaala_hihai_hidhoni_hiab_hi,0,0,0,0,,,,,,
231,sannatta_hiisliye_hihai_hiki_hibawana_himain_hiaap_hiki_hipolitics_enkhul_higayi_hihai_hi,0,0,0,0,,,,,,
808,knock_enknock_enpetrol_restpetrol_restabey_ensaale_hi3_rest14_restkya_hibad_higaya_himujhe_hipehchanne_hise_hihi_hiinkaar_hikar_hiraha_hihai_hifb_restsarcasm_rest,1,1,1,1,,,,,,
783,aur_himam_hitriple_entalaq_hihamala_hi,0,0,0,0,,,,,,
1205,irony_restachha_highamnd_hiusko_hihai_hi,1,1,1,1,,,,,,
503,mafia_hiny_hiidaray_hitabah_hiker_hidiye_hiimran_hikhan_hiagay_hipeechay_higondal_hifirdous_hiashiq_hiaur_hinoor_hialam_hikharray_hithay_hiirony_restunmistakble_hi,1,1,1,1,,,,,,
585,hahahahhaa_hirajeev_restjaise_hilog_hike_hikhate_hihai_hihrithik_hibaap_hihai_hisabka_hiagar_hiuske_hipolitics_enna_hiho_hi,0,0,0,0,,,,,,
540,tum_hisudhar_hijao_hitumhari_hicricket_enki_hikitne_hiawkaad_hihai_hiye_hiise_hibaat_hise_hiptta_hichlti_hihai_hiki_hihmse_hikhelna_hikai_hiliya_hibhikh_himaang_hirahe_hiho_hi,0,0,0,0,,,,,,
298,dosto_hiinme_hise_hisabse_hibada_hiharami_hilog_hikisse_hikehte_hihai_higaurilankeshmurder_restwednesdaywisdom_restbollywood_restajaydevgn_restkaranjohar_restharami_hikrk_rest,0,0,0,0,,,,,,
569,abe_hichutiye_hitere_hinazayes_hibaap_hilog_hialaah_hihu_hiakbar_hikrke_hiblast_enn_hiduniya_hibhar_hiaatank_himacha_hirkhe_hih_hiwo_hidikhta_hih_hikbhi_hitriple_entalaq_hipe_hibol_hipig_en,0,0,0,0,,,,,,
1320,saal_hike_hibaaki_hidin_hilogon_hiko_hihum_hichutiya_hibanate_hihai_hiek_hi1st_restapril_hiko_hihi_hikoi_hihum_hipar_hibelieve_ennahi_hikarta_hiirony_rest,1,1,1,1,,,,,,
1117,hinkhoj_hiword_restday_enguffaw_enhindi_restenglish_restword_resttranslation_restbollywood_rest,0,0,0,0,,,,,,
1152,aankh_hise_hiandha_hinaam_hinayansukh_hiirony_rest,1,1,1,1,,,,,,
670,aapne_hipolitics_ense_hisirf_hikamaye_hihain_hijanta_hika_hibharosa_hikamaya_hihota_hishayad_hikoi_hiaapki_hibaaton_hiko_hiseriously_enleta_hi,0,0,0,0,,,,,,
387,ise_hikahte_hihain_hivikas_hipehle_hikhaana_hibhi_hinahin_himilta_hitha_hiab_hiseedhe_hichinese_hicuisine_enserve_enho_hiraha_hihain_hisarcasm_rest,1,1,1,1,,,,,,
58,baba_hiramdev_hiyog_hise_hik_hihinduon_hiko_hitan_ense_hiswast_hibana_hina_hichahtey_hihai_hiaur_hibollywood_hibhog_hise_hihinduon_hik_himann_hiko_hibhrast_hibana_hina_hichahtey_hihai_hi,0,0,0,0,,,,,,
229,acchi_hibhali_hinaukri_hithi_hikaha_hise_hiisse_hipolitics_enmei_hiapni_hibeijjati_hikarne_hiki_hisujhi_hijabse_hiaaya_hihai_higali_hibaat_hihi_hisun_hirha_hihai_hi,0,0,0,0,,,,,,
653,cricket_ennews_enwaise_himeri_hiteam_enko_hikhud_hisakhta_hibarre_hinaamon_hiki_hizaroorat_hihi_hinahi_hiwaqt_hijo_hiteam_enhai_hiwo_hidurust_hihai_hiwi_encaptain_enjeson_hiholder_en,0,0,0,0,,,,,,
636,umar_hiakmal_hiaur_hikamran_hiakmal_hiko_hihar_hicoach_ense_hitakleef_hihai_hijo_hiinhain_hina_hikhilai_hiwaqaryounis_rest,0,0,0,0,,,,,,
1095,bhai_hiwoh_hideshbhakt_hihai_hibot_enbadi_hiabhi_hiabhi_hiuska_hiadhar_hicard_enbhi_hibana_hihai_hiput_enfinger_ensarcasm_rest,1,1,1,1,,,,,,
1171,ise_hipolitics_enkahte_hihain_hin_higandis_hiknow_enwell_ensanp_hibhi_himar_hijayega_hiaur_hivote_enbhi_hinahin_hitutega_hibhai_hiitaly_hika_hichhota_hidimag_hithode_hihi_hihai_hi,0,0,0,0,,,,,,
966,pura_hisannate_himein_hihai_hiaur_hiakhilesh_hibabu_hibolte_hihai_hiki_hiunka_hikaam_hibolta_hihai_hiirony_rest,1,1,1,1,,,,,,
980,wo_hidekho_hiaur_hirohit_restsharma_restsath_hicricket_enkhel_hirhe_hihai_hi,0,0,0,0,,,,,,
866,playing_hiholi_restdhuleti_restarre_hibeta_hiye_hipaani_hitoh_higanda_hihai_hikisi_hiachhe_hiinsan_hipr_hidaalo_hifestival_restsarcasm_rest,1,1,1,1,,,,,,
1354,good_enpolitics_enaarmy_hibhi_hiaarakshan_hide_hipata_hichal_hijayega_hi,0,0,0,0,,,,,,
117,satyameva_hijayate_hisatyam_hiever_ennoticed_hiirony_rest,1,1,1,1,,,,,,
1353,kamal_hikarte_hiho_hipandey_hiji_hiself_enstart_enk_hijamane_hikick_restlaye_hiled_enk_hijamane_hitubelight_restsarcasm_rest,1,1,1,1,,,,,,
479,movie_enachchi_hihogi_hibhi_hi100_restnahi_hikar_hipayegi_hibollywood_hike_hihi_hidin_hikharab_hichal_hirahe_hihain_hi,0,0,0,0,,,,,,
824,sir_enache_hise_hijanje_hihai_hipolitics_enkya_hihota_hihai_hishalakhe_hifilm_enunke_hisath_hikya_hihuwa_hitha_hiphir_hibhi_hibjp_hika_hisaport_hikarte_hijai_hiho_hi,0,0,0,0,,,,,,
660,mujhe_hibhi_hibahar_hiforeign_ense_hikahin_hikoi_hifaaltu_hicourse_enkar_hilena_hichahiye_hisarcasm_rest,1,1,1,1,,,,,,
164,aur_hinaa_hihi_hikabhi_hiaayega_hiaaj_hikal_hibollywood_hiki_hioriginality_enhi_hikhatam_hiho_higayi_hihai_hiwohi_hipurane_higaane_hirecycle_enkar_hirahe_hihai_hi,0,0,0,0,,,,,,
995,logon_hine_hiaaram_hikiya_hiaur_hichutti_hiholiday_enpuri_hiki_hiyekkum_hi1st_restmay_hiko_hibhi_himazdoor_hine_himazdoori_hiki_hiworldlabourday_restirony_restthingstobeashamedof_rest,1,1,1,1,,,,,,
157,bhenchod_hiorder_enveg_hikarte_hiho_hikhaate_hiduck_enho_hiirony_rest,1,1,1,1,,,,,,
7,apni_hibaat_hikaro_hiyaar_hihalala_hiaur_hitriple_entalaq_hipe_hiduyan_hitum_hinahi_hisamjoge_hi,0,0,0,0,,,,,,
827,a2_hijaspit_hibhumra_himissionlanka_restcricket_rest,0,0,0,0,,,,,,
896,hamane_hibhi_hikya_hihira_hipaya_hihai_hihire_enne_hicricket_enki_hiduniya_hichamkaya_hihai_hiaise_hihi_hichamkate_hirehna_hibhai_hibest_en4_rest300th_restodi_hi,0,0,0,0,,,,,,
1175,rail_engorakhpur_hiofficer_ennegligence_enpura_hisaf_hidikhata_hihai_hiisiliye_hiyogi_enaur_hiprabhu_hiko_hinhi_hijana_hichahiye_hiharyana_hipolitics_enbhari_hipada_hihai_hi,0,0,0,0,,,,,,
1325,happy_enbirthday_enmere_higiraffe_entu_hijiye_hihazaaron_hisaal_hiphekta_hirahe_hikhatarnak_hibaal_hicricket_restdhoklalife_rest,0,0,0,0,,,,,,
990,desh_hike_hisuar_hibudhijivi_hiaur_hibollywood_hike_hibhand_hichup_hikyu_hihai_himadarchodo_hiporkis_hiko_hibharat_hiaane_hipe_hibahut_hibawal_himachahaya_hitha_hi,0,0,0,0,,,,,,
562,sulabh_hishauchalaya_hithingsiwishwerefree_restsarcasm_rest,1,0,0,0,,,,,,
915,moral_enstory_enreading_enkartavya_hise_hivimukh_hihokar_hishanti_hipaana_hiasambhav_hihai_hiirony_rest,1,1,1,1,,,,,,
294,jaise_hiki_hitriple_entalaq_hiwagaira_hidharm_hika_hiproblem_ennahi_hi,0,0,0,0,,,,,,
1064,insaan_hisochta_hikuchh_hihai_hibolta_hikuchh_hihai_hiaur_hilikhta_hikuchh_hiaur_hihai_hithink_engot_encricket_rest,0,0,0,0,,,,,,
1044,ullooraatchi_himanra_hitherthal_hithiruttha_hisattatthil_hisapaanaayahar_hikaichchaatthu_hicricket_en4th_restodi_hislvind_resttoday_en30pm_rest,0,0,0,0,,,,,,
888,akshay_hikumar_hichief_enminister_enrajasthan_hivasundra_hiraje_hicine_resthome_restvalladolid_restspain_restocio_restbollywood_restfollow_rest,0,0,0,0,,,,,,
1310,chutiye_hitere_hihisab_hise_hivande_himataram_hina_higaye_hithik_hitriple_entalaq_hithik_hikal_hinational_enanthem_enna_higaye_hib_hithik_hi,0,0,0,0,,,,,,